empty_slots,free_bikes,latitude,longitude,timestamp
32,3,48.865983,2.275725,2023-12-04T04:49:10.102000Z
33,21,48.85375581057431,2.3390958085656166,2023-12-04T04:49:09.860000Z
26,11,48.867872484749,2.3648982158072,2023-12-04T04:49:07.405000Z
11,9,48.856451985395786,2.334851883351803,2023-12-04T04:49:07.921000Z
15,6,48.87929591733507,2.3373600840568547,2023-12-04T04:49:08.016000Z
16,4,48.855907555969,2.3925706744194,2023-12-04T04:49:09.440000Z
3,27,48.840855311763,2.3875549435616,2023-12-04T04:49:07.348000Z
54,5,48.851296433665276,2.325061820447445,2023-12-04T04:49:09.801000Z
31,11,48.851518815017,2.3436703160405,2023-12-04T04:49:10.036000Z
30,9,48.881973298352,2.301132157445,2023-12-04T04:49:09.448000Z
26,9,48.88287775178599,2.287667370814871,2023-12-04T04:49:07.813000Z
46,13,48.871044051984,2.3661044619878,2023-12-04T04:49:07.658000Z
19,2,48.874422773426545,2.3284685611724854,2023-12-04T04:49:07.812000Z
22,2,48.837525839067,2.3360354080796,2023-12-04T04:49:08.307000Z
13,8,48.85165383178419,2.3308077827095985,2023-12-04T04:49:07.880000Z
13,5,48.853147816545,2.3263905197382,2023-12-04T04:49:07.217000Z
8,15,48.84389286531899,2.3519663885235786,2023-12-04T04:49:08.869000Z
14,2,48.84708159081946,2.321374788880348,2023-12-04T04:49:07.857000Z
16,14,48.91039875761846,2.3851355910301213,2023-12-04T04:49:08.130000Z
23,4,48.81580226360801,2.376804985105991,2023-12-04T04:49:08.021000Z
39,9,48.836022242886884,2.4708339950830287,2023-12-04T04:49:07.228000Z
18,7,48.835583838706,2.2325500845909,2023-12-04T04:49:09.409000Z
35,11,48.835092787824,2.3534681351338,2023-12-04T04:49:08.670000Z
23,1,48.879089,2.354235,2023-12-04T04:49:08.227000Z
58,4,48.876116,2.288124,2023-12-04T04:49:09.785000Z
10,9,48.794902381218904,2.3734183609485626,2023-12-04T04:49:09.233000Z
11,6,48.84504716661511,2.3494647851273465,2023-12-04T04:49:07.847000Z
0,39,48.8570414504784,2.37289470306807,2023-12-04T04:49:07.816000Z
17,1,48.84479928858768,2.329337755887181,2023-12-04T04:49:08.272000Z
40,12,48.83310149953933,2.299380004405976,2023-12-04T04:49:07.814000Z
54,16,48.851315406715976,2.2919502854347233,2023-12-04T04:49:07.052000Z
29,4,48.879406604954,2.3034455627202988,2023-12-04T04:49:07.090000Z
25,7,48.830981659316855,2.3481646925210953,2023-12-04T04:49:09.489000Z
22,21,48.871031137596,2.379056852114,2023-12-04T04:49:08.791000Z
18,3,48.82234096593411,2.327861653302471,2023-12-04T04:49:09.385000Z
29,8,48.86785,2.446748,2023-12-04T04:49:07.953000Z
10,6,48.83823094269141,2.270506024360657,2023-12-04T04:49:07.438000Z
20,0,48.790147809608,2.4328628182411,2023-12-04T04:49:09.293000Z
13,15,48.89792240854517,2.32851451022192,2023-12-04T04:49:08.487000Z
11,19,48.853844054333514,2.289705348222022,2023-12-04T04:49:08.451000Z
5,25,48.79628807093802,2.417212128639221,2023-12-04T04:49:07.306000Z
38,4,48.89594736851349,2.381133802246315,2023-12-04T04:49:09.576000Z
25,4,48.882428,2.314002,2023-12-04T04:49:07.936000Z
16,8,48.840579923690115,2.2584119439125065,2023-12-04T04:49:08.461000Z
15,10,48.84884147189881,2.426325418925233,2023-12-04T04:49:07.914000Z
12,6,48.8804934032465,2.39806417375803,2023-12-04T04:49:07.102000Z
17,5,48.892648526839,2.2136941552162,2023-12-04T04:49:07.057000Z
18,7,48.81807418981508,2.3267009854316716,2023-12-04T04:49:08.356000Z
17,8,48.848951441614,2.3411329463124,2023-12-04T04:49:08.740000Z
22,0,48.78980918988166,2.3143940046429634,2023-12-04T04:49:08.428000Z
25,8,48.871417284355,2.3076787590981,2023-12-04T04:49:08.149000Z
34,7,48.888735896947,2.3469526693225,2023-12-04T04:49:09.948000Z
7,18,48.8693268535238,2.395084574818611,2023-12-04T04:49:07.277000Z
25,15,48.86785342111862,2.349364310503006,2023-12-04T04:49:08.253000Z
11,6,48.879161,2.343698,2023-12-04T04:49:08.419000Z
38,23,48.861411014652,2.3201214185208,2023-12-04T04:49:07.448000Z
18,2,48.879355,2.358379,2023-12-04T04:49:07.532000Z
2,12,48.8214169,2.342167,2023-12-04T04:49:08.881000Z
16,20,48.8351212784276,2.385534569621086,2023-12-04T04:49:07.391000Z
13,9,48.859091104741,2.3185685276985,2023-12-04T04:49:08.158000Z
6,19,48.88949630486821,2.333393658804396,2023-12-04T04:49:07.549000Z
24,16,48.894799816683985,2.318705212173216,2023-12-04T04:49:09.691000Z
19,10,48.87320440102894,2.323658830743138,2023-12-04T04:49:08.443000Z
11,11,48.78448485079149,2.35908430069685,2023-12-04T04:49:07.599000Z
14,7,48.86106902949534,2.2730283066630363,2023-12-04T04:49:09.206000Z
25,0,48.8978867,2.3458001,2023-12-04T04:49:09.024000Z
18,5,48.844730256132095,2.341923944866407,2023-12-04T04:49:09.630000Z
29,21,48.8468428626593,2.452062070369721,2023-12-04T04:49:07.540000Z
24,3,48.874750203956566,2.301771435325988,2023-12-04T04:49:09.384000Z
14,3,48.87759897050706,2.348463758826256,2023-12-04T04:49:08.753000Z
9,12,48.88655580065981,2.288640439510346,2023-12-04T04:49:07.554000Z
18,5,48.87935941942529,2.366596162319184,2023-12-04T04:49:08.844000Z
0,18,48.851419978983,2.3097044974566,2023-12-04T04:49:07.702000Z
25,2,48.8761373390584,2.3680844979417,2023-12-04T04:49:09.460000Z
18,44,48.82435782216384,2.377065159380436,2023-12-04T04:49:08.215000Z
41,2,48.877753,2.327339,2023-12-04T04:49:08.825000Z
6,40,48.83940266673835,2.32971478253603,2023-12-04T04:49:07.680000Z
29,4,48.891457726153774,2.348636478060487,2023-12-04T04:49:07.608000Z
19,5,48.880726,2.351464,2023-12-04T04:49:07.766000Z
9,5,48.879223,2.349147,2023-12-04T04:49:09.660000Z
4,16,48.8462904,2.3521495,2023-12-04T04:49:08.299000Z
12,2,48.87219,2.329423,2023-12-04T04:49:09.800000Z
29,3,48.875642647477,2.3594588041306,2023-12-04T04:49:08.698000Z
43,3,48.87973954830735,2.288012132048607,2023-12-04T04:49:07.431000Z
23,4,48.88320784122797,2.3308449949028507,2023-12-04T04:49:07.469000Z
20,20,48.856691550115315,2.306646779179573,2023-12-04T04:49:08.399000Z
2,12,48.857058739111,2.3417982839439,2023-12-04T04:49:10.086000Z
20,5,48.874777677621296,2.326515804784655,2023-12-04T04:49:07.879000Z
15,2,48.883667,2.395733,2023-12-04T04:49:09.171000Z
27,30,48.845515089794,2.3726498446286,2023-12-04T04:49:08.669000Z
12,5,48.857615678565,2.3358313530377,2023-12-04T04:49:09.061000Z
4,19,48.8978765,2.3230632,2023-12-04T04:49:08.685000Z
20,4,48.838683941628375,2.3110422492027287,2023-12-04T04:49:08.242000Z
17,20,48.849063299501,2.3558086529374,2023-12-04T04:49:08.873000Z
7,25,48.856502977696,2.2931787543289,2023-12-04T04:49:09.209000Z
18,8,48.862923800596,2.4155035614967,2023-12-04T04:49:10.153000Z
25,9,48.8847601,2.3534657,2023-12-04T04:49:07.822000Z
26,7,48.87745567681383,2.309694221419506,2023-12-04T04:49:07.339000Z
12,4,48.88006587474148,2.3310810327529907,2023-12-04T04:49:08.891000Z
2,20,48.876719895109,2.344393021854,2023-12-04T04:49:08.193000Z
4,10,48.87748519186726,2.3660067468881607,2023-12-04T04:49:09.304000Z
10,13,48.88917613743794,2.3833653330802917,2023-12-04T04:49:09.394000Z
38,11,48.881949,2.352339,2023-12-04T04:49:07.329000Z
28,12,48.88896161855884,2.322528975094376,2023-12-04T04:49:09.025000Z
21,3,48.884492238407525,2.3703941702842717,2023-12-04T04:49:08.692000Z
11,7,48.870702423554306,2.358739863900845,2023-12-04T04:49:09.688000Z
7,28,48.848225572724,2.3502873256803,2023-12-04T04:49:07.542000Z
32,1,48.87334627510507,2.337980867701675,2023-12-04T04:49:09.394000Z
27,12,48.872010281270974,2.392039597034455,2023-12-04T04:49:09.239000Z
23,20,48.847208456061,2.3861273378134,2023-12-04T04:49:07.496000Z
15,21,48.862147844548,2.3772348091006,2023-12-04T04:49:09.482000Z
36,2,48.88022154052015,2.2854680567979813,2023-12-04T04:49:07.100000Z
15,8,48.836395736424,2.2784192115068,2023-12-04T04:49:07.296000Z
14,3,48.88192765861766,2.392586767673493,2023-12-04T04:49:07.265000Z
6,17,48.85507930579506,2.3733686318721463,2023-12-04T04:49:07.964000Z
28,7,48.874746047357135,2.3082953318953514,2023-12-04T04:49:09.893000Z
11,34,48.858688774062955,2.383553994571467,2023-12-04T04:49:09.812000Z
15,21,48.80889533774377,2.5382421165704727,2023-12-04T04:49:07.682000Z
20,5,48.8687591,2.4329931,2023-12-04T04:49:09.618000Z
28,21,48.84097491091973,2.264390252530575,2023-12-04T04:49:08.120000Z
18,5,48.88364782887555,2.2952447086572647,2023-12-04T04:49:07.080000Z
10,8,48.837668272811,2.3448138346607,2023-12-04T04:49:07.740000Z
13,13,48.83761417037952,2.397253782195704,2023-12-04T04:49:08.515000Z
11,3,48.842524,2.364044,2023-12-04T04:49:08.800000Z
9,3,48.852804604940296,2.293077029857222,2023-12-04T04:49:07.664000Z
26,25,48.893923963057865,2.39790290594101,2023-12-04T04:49:10.165000Z
26,11,48.84702057165222,2.3464982619671075,2023-12-04T04:49:08.431000Z
4,18,48.8750898883217,2.3826304078102116,2023-12-04T04:49:08.404000Z
15,1,48.875034655883944,2.359801238597928,2023-12-04T04:49:07.727000Z
6,23,48.861142162761,2.3677996181077,2023-12-04T04:49:08.783000Z
27,14,48.85154484769,2.3146149516106,2023-12-04T04:49:08.282000Z
2,30,48.81411442356866,2.39090770483017,2023-12-04T04:49:07.940000Z
24,10,48.82237977153955,2.4586871266365056,2023-12-04T04:49:09.411000Z
16,1,48.8795431,2.3264628,2023-12-04T04:49:08.759000Z
49,2,48.86131452758348,2.440614402294159,2023-12-04T04:49:07.977000Z
23,34,48.8667175,2.3692541,2023-12-04T04:49:07.237000Z
59,8,48.8471116,2.3956204,2023-12-04T04:49:08.230000Z
26,15,48.886472466142,2.3328901827335,2023-12-04T04:49:07.070000Z
22,14,48.85708641027236,2.3984125256538396,2023-12-04T04:49:09.744000Z
1,26,48.9155156,2.3814103,2023-12-04T04:49:09.324000Z
4,12,48.83372430280548,2.2713854536414146,2023-12-04T04:49:07.132000Z
17,5,48.87403113727167,2.38959476351738,2023-12-04T04:49:08.498000Z
55,10,48.87590240712654,2.322616316378116,2023-12-04T04:49:07.703000Z
7,18,48.84780306364685,2.445141971111298,2023-12-04T04:49:08.652000Z
33,16,48.89738369720229,2.3959985375404362,2023-12-04T04:49:07.907000Z
14,10,48.871244610447015,2.4039056897163396,2023-12-04T04:49:08.792000Z
2,13,48.84706173362218,2.4787822365760808,2023-12-04T04:49:07.459000Z
2,14,48.88633710236977,2.407338917255402,2023-12-04T04:49:08.888000Z
44,9,48.864920982538,2.3025491823859,2023-12-04T04:49:08.659000Z
24,6,48.818144834008976,2.271184623241425,2023-12-04T04:49:07.901000Z
6,32,48.8927825,2.3635598,2023-12-04T04:49:08.680000Z
18,7,48.852828153442,2.2978776320815,2023-12-04T04:49:08.287000Z
48,16,48.83769531916335,2.275374233722687,2023-12-04T04:49:07.858000Z
12,22,48.7985844,2.3821302,2023-12-04T04:49:09.790000Z
15,10,48.877436681515796,2.3860743641853337,2023-12-04T04:49:07.658000Z
13,6,48.8417514,2.3413893,2023-12-04T04:49:07.276000Z
17,2,48.88467214209463,2.3919698596000676,2023-12-04T04:49:08.517000Z
18,10,48.843949064031825,2.415081394834419,2023-12-04T04:49:08.226000Z
15,17,48.828012849445,2.3056878894567,2023-12-04T04:49:08.708000Z
12,7,48.866830968942,2.3654810339212,2023-12-04T04:49:07.726000Z
8,17,48.77093586667601,2.4034014344215398,2023-12-04T04:49:08.205000Z
14,1,48.874575,2.356796,2023-12-04T04:49:07.357000Z
16,15,48.89401874744574,2.3319872841238976,2023-12-04T04:49:08.807000Z
9,10,48.87174684930295,2.3722528328789854,2023-12-04T04:49:07.340000Z
0,0,48.89579697978,2.3455855841349,2023-12-04T04:49:07.600000Z
11,9,48.879595787608,2.3544725775719,2023-12-04T04:49:09.316000Z
3,16,48.83796366147599,2.2877392172813416,2023-12-04T04:49:07.894000Z
22,12,48.84993035512154,2.294612042605877,2023-12-04T04:49:08.398000Z
0,31,48.859358523593,2.3896131366845,2023-12-04T04:49:09.595000Z
32,6,48.831632518292565,2.3293121159076686,2023-12-04T04:49:07.892000Z
29,3,48.872420063053,2.3483952362828,2023-12-04T04:49:09.225000Z
14,10,48.836191728066666,2.2811267160086417,2023-12-04T04:49:08.749000Z
30,19,48.852233164303,2.3266580700874,2023-12-04T04:49:09.020000Z
19,2,48.825218683556734,2.3107116669416428,2023-12-04T04:49:08.013000Z
11,19,48.88794016394694,2.326124420314341,2023-12-04T04:49:08.469000Z
5,19,48.8415473058801,2.233161628246308,2023-12-04T04:49:08.021000Z
10,13,48.81527009991819,2.298078276995073,2023-12-04T04:49:07.308000Z
15,15,48.90713441498779,2.396005728053061,2023-12-04T04:49:07.061000Z
8,12,48.876111,2.4677312,2023-12-04T04:49:09.193000Z
7,23,48.781383825117,2.3723508417606,2023-12-04T04:49:07.932000Z
32,0,48.87614039826388,2.301303138307601,2023-12-04T04:49:07.328000Z
9,16,48.826701758539215,2.3384983465075493,2023-12-04T04:49:09.803000Z
23,3,48.83495885166784,2.2416803240776066,2023-12-04T04:49:07.101000Z
14,15,48.84240765130395,2.281037718057633,2023-12-04T04:49:08.696000Z
26,4,48.81111581390707,2.3145738624448158,2023-12-04T04:49:09.254000Z
0,20,48.82941,2.375934,2023-12-04T04:49:08.313000Z
15,7,48.89110239200789,2.402843534946442,2023-12-04T04:49:08.322000Z
19,3,48.821092374256104,2.333725690841675,2023-12-04T04:49:07.424000Z
10,28,48.892371898250424,2.205548956990242,2023-12-04T04:49:07.858000Z
19,15,48.890451120965,2.3490573929687,2023-12-04T04:49:08.672000Z
17,17,48.848563233059,2.3204218259346,2023-12-04T04:49:09.234000Z
30,12,48.821475594736775,2.3026576638221745,2023-12-04T04:49:08.716000Z
51,5,48.857421708072074,2.437578141689301,2023-12-04T04:49:07.691000Z
12,11,48.82753962462998,2.2416052222251897,2023-12-04T04:49:07.724000Z
0,20,48.790114,2.4025777,2023-12-04T04:49:09.395000Z
3,45,48.8798926,2.2587671,2023-12-04T04:49:08.453000Z
3,23,48.79592939432515,2.4261841177940373,2023-12-04T04:49:09.339000Z
23,4,48.787553654715644,2.306235730648041,2023-12-04T04:49:08.471000Z
57,3,48.8436279,2.4630465,2023-12-04T04:49:08.944000Z
2,30,48.8094458,2.3903009,2023-12-04T04:49:07.439000Z
31,4,48.86223916006812,2.4435862898826604,2023-12-04T04:49:07.754000Z
1,27,48.791922819921815,2.395057752728462,2023-12-04T04:49:07.214000Z
7,15,48.87451538963655,2.415283620357514,2023-12-04T04:49:07.370000Z
16,1,48.8835462,2.4137883,2023-12-04T04:49:07.571000Z
23,1,48.892663,2.172411,2023-12-04T04:49:09.488000Z
9,11,48.86431136000005,2.4105210229754443,2023-12-04T04:49:07.256000Z
27,1,48.854898095789295,2.4186685681343083,2023-12-04T04:49:08.999000Z
23,10,48.83802015441127,2.2460845112800603,2023-12-04T04:49:07.105000Z
17,4,48.875065791004396,2.3316738009452824,2023-12-04T04:49:09.018000Z
0,27,48.906442763495,2.3584905266762,2023-12-04T04:49:07.738000Z
24,16,48.84070239213081,2.409667745232582,2023-12-04T04:49:07.751000Z
31,1,48.86741186571367,2.290781380114821,2023-12-04T04:49:08.210000Z
10,24,48.865804276686,2.3693370749669,2023-12-04T04:49:08.496000Z
15,7,48.885325169402904,2.316423766314984,2023-12-04T04:49:08.430000Z
10,17,48.85865170952645,2.303716580234576,2023-12-04T04:49:08.961000Z
27,17,48.86112461407359,2.381299026310444,2023-12-04T04:49:08.544000Z
1,56,48.82837482809675,2.384273745805574,2023-12-04T04:49:07.241000Z
49,1,48.881287375060616,2.420119643211365,2023-12-04T04:49:07.338000Z
12,7,48.877951,2.381464,2023-12-04T04:49:08.994000Z
24,9,48.87525454905335,2.340853661298752,2023-12-04T04:49:07.774000Z
53,11,48.844835471244416,2.297508493065834,2023-12-04T04:49:09.769000Z
28,14,48.883498,2.282015,2023-12-04T04:49:08.449000Z
16,0,48.84512772828,2.3454568170362,2023-12-04T04:49:07.457000Z
23,25,48.8644954,2.3750124,2023-12-04T04:49:08.226000Z
5,15,48.86746195408435,2.405970990657807,2023-12-04T04:49:07.402000Z
15,3,48.848191348584,2.341831654854,2023-12-04T04:49:07.925000Z
12,13,48.89465,2.381868,2023-12-04T04:49:08.836000Z
10,19,48.816939911292,2.2809894804846,2023-12-04T04:49:08.233000Z
10,12,48.88611466796807,2.356855627529275,2023-12-04T04:49:09.554000Z
4,8,48.875448033960744,2.315508019010038,2023-12-04T04:49:08.252000Z
15,10,48.886591074487995,2.261394560337067,2023-12-04T04:49:07.510000Z
24,9,48.84520880183234,2.2656840831041336,2023-12-04T04:49:09.409000Z
5,20,48.839109,2.4175664,2023-12-04T04:49:08.751000Z
15,8,48.827673823165846,2.320918142795563,2023-12-04T04:49:08.436000Z
28,4,48.88863669349711,2.3111706599593163,2023-12-04T04:49:09.611000Z
30,7,48.863875,2.28189,2023-12-04T04:49:07.082000Z
45,6,48.847563015126106,2.433383166790009,2023-12-04T04:49:08.770000Z
38,9,48.8726877314,2.376461327076,2023-12-04T04:49:08.335000Z
1,28,48.85034821320644,2.273029983043671,2023-12-04T04:49:07.912000Z
38,10,48.858462881661,2.4147954583168,2023-12-04T04:49:07.833000Z
12,13,48.88125496379482,2.373463287949562,2023-12-04T04:49:07.589000Z
6,20,48.895713,2.400571,2023-12-04T04:49:07.986000Z
9,42,48.858925,2.3789759,2023-12-04T04:49:09.379000Z
33,7,48.82577028927573,2.3210415244102482,2023-12-04T04:49:07.882000Z
5,24,48.8435137879902,2.3065522313117985,2023-12-04T04:49:08.452000Z
37,13,48.84442462786544,2.294059172272682,2023-12-04T04:49:08.644000Z
19,14,48.87372241291653,2.315848097205162,2023-12-04T04:49:07.288000Z
27,26,48.871624306962985,2.3639265082738348,2023-12-04T04:49:07.298000Z
27,9,48.872988840744,2.3294984212276,2023-12-04T04:49:09.373000Z
8,23,48.850571,2.3471015,2023-12-04T04:49:07.950000Z
31,2,48.882633484311,2.3448844062122,2023-12-04T04:49:08.325000Z
10,16,48.83486054775774,2.3445770524322067,2023-12-04T04:49:09.486000Z
4,48,48.81057120969284,2.3842826485633855,2023-12-04T04:49:07.503000Z
19,10,48.83227829269761,2.3022570088505745,2023-12-04T04:49:08.506000Z
19,33,48.86921273836114,2.371688821240712,2023-12-04T04:49:09.793000Z
0,17,48.7672039733195,2.4144977331161503,2023-12-04T04:49:07.195000Z
22,11,48.84309486651855,2.2597770800669053,2023-12-04T04:49:08.435000Z
6,22,48.882976576876565,2.260125767248034,2023-12-04T04:49:08.470000Z
10,27,48.8888,2.296319,2023-12-04T04:49:07.756000Z
12,21,48.819211549234495,2.254007756710053,2023-12-04T04:49:09.402000Z
32,15,48.864660627935,2.3692265531829,2023-12-04T04:49:09.376000Z
23,33,48.910388180512,2.3117771744728,2023-12-04T04:49:07.622000Z
15,7,48.79387269664978,2.321148812770844,2023-12-04T04:49:09.295000Z
26,9,48.905303858642,2.31055945158,2023-12-04T04:49:08.519000Z
14,4,48.886785741479684,2.3746193200349808,2023-12-04T04:49:07.648000Z
26,6,48.886393679436,2.3865414544355,2023-12-04T04:49:09.184000Z
11,8,48.877141208359035,2.4461565166711807,2023-12-04T04:49:09.562000Z
19,14,48.88467368538326,2.380039058625698,2023-12-04T04:49:07.585000Z
8,19,48.909423010092326,2.3584435880184174,2023-12-04T04:49:09.771000Z
11,8,48.90379820774301,2.3187401890754704,2023-12-04T04:49:09.596000Z
8,19,48.8577967,2.3192664,2023-12-04T04:49:07.192000Z
17,16,48.852191909696,2.3740932717919,2023-12-04T04:49:10.142000Z
13,17,48.84288183896324,2.222245037555695,2023-12-04T04:49:10.110000Z
16,9,48.799824,2.328171,2023-12-04T04:49:08.231000Z
16,35,48.855628721101,2.3256602883339,2023-12-04T04:49:07.059000Z
21,8,48.814280450380224,2.3410347104072575,2023-12-04T04:49:07.245000Z
0,0,48.868895162679,2.3919824145635,2023-12-04T04:49:08.980000Z
3,24,48.82124248401006,2.2511002421379094,2023-12-04T04:49:07.280000Z
14,10,48.8184945213025,2.3744174838066106,2023-12-04T04:49:07.678000Z
20,0,48.867362,2.396222,2023-12-04T04:49:08.184000Z
13,10,48.87778639599673,2.337429821491241,2023-12-04T04:49:09.717000Z
28,13,48.85670169739857,2.445072233676911,2023-12-04T04:49:08.479000Z
39,11,48.82176874759649,2.3688706755638127,2023-12-04T04:49:08.418000Z
3,22,48.80476007936134,2.4180373930262093,2023-12-04T04:49:09.778000Z
15,9,48.84571672113014,2.4272462725639348,2023-12-04T04:49:08.446000Z
45,5,48.868831082877,2.3809862136841,2023-12-04T04:49:09.815000Z
12,5,48.846171461187,2.3793068155646,2023-12-04T04:49:07.902000Z
28,8,48.888537048944826,2.3561610281467438,2023-12-04T04:49:08.750000Z
25,30,48.868397,2.3678933,2023-12-04T04:49:08.056000Z
26,4,48.88879,2.3785,2023-12-04T04:49:07.993000Z
39,10,48.88873214926474,2.2881576418876652,2023-12-04T04:49:07.317000Z
31,5,48.86446597201,2.3660597205162,2023-12-04T04:49:08.286000Z
4,22,48.83091743371036,2.2790706530213356,2023-12-04T04:49:09.196000Z
15,46,48.85337548426,2.3828620836139,2023-12-04T04:49:08.848000Z
19,10,48.89432034553156,2.432552274419542,2023-12-04T04:49:08.467000Z
31,4,48.87660163459077,2.3129771277308464,2023-12-04T04:49:07.263000Z
0,15,48.842647778701,2.3861649278137,2023-12-04T04:49:08.350000Z
4,20,48.823933787309,2.2606918215752,2023-12-04T04:49:09.332000Z
10,6,48.868976638826,2.3623438552022,2023-12-04T04:49:07.965000Z
14,14,48.85528017533187,2.337574325501919,2023-12-04T04:49:08.620000Z
25,18,48.871379874257,2.3698963836667,2023-12-04T04:49:08.662000Z
4,25,48.87866794788021,2.2420343756675725,2023-12-04T04:49:07.836000Z
21,6,48.859403,2.276522,2023-12-04T04:49:07.246000Z
12,9,48.85291595620935,2.352195717394352,2023-12-04T04:49:09.009000Z
30,3,48.846454,2.415514,2023-12-04T04:49:08.730000Z
16,5,48.888013281448,2.3737595955229,2023-12-04T04:49:08.673000Z
53,5,48.8242469,2.3186306,2023-12-04T04:49:08.450000Z
11,12,48.850500564921,2.3890856287864,2023-12-04T04:49:07.362000Z
1,46,48.85147910413369,2.296709530055523,2023-12-04T04:49:08.662000Z
2,14,48.844291,2.3896481,2023-12-04T04:49:07.269000Z
31,16,48.857202661803,2.3152771219611,2023-12-04T04:49:09.907000Z
36,9,48.878438631226516,2.297727763652802,2023-12-04T04:49:07.965000Z
18,5,48.89484799296163,2.4188338592648506,2023-12-04T04:49:07.039000Z
4,15,48.886674849730184,2.3613611608743668,2023-12-04T04:49:09.393000Z
10,13,48.85218705621,2.3890301585197,2023-12-04T04:49:09.806000Z
26,29,48.894155633419,2.3143893107772,2023-12-04T04:49:08.671000Z
13,2,48.849268481958,2.3704585433006,2023-12-04T04:49:07.500000Z
15,17,48.878772242510465,2.270772233605385,2023-12-04T04:49:08.739000Z
21,18,48.83920384329242,2.320883944630623,2023-12-04T04:49:07.341000Z
17,8,48.8932644350857,2.4126765131950383,2023-12-04T04:49:07.539000Z
34,3,48.893479576183,2.2775253653526,2023-12-04T04:49:09.377000Z
20,2,48.85716405838368,2.422847449779511,2023-12-04T04:49:08.890000Z
3,19,48.834001935501,2.3703888058662,2023-12-04T04:49:09.601000Z
38,4,48.80893199114179,2.3349460959434514,2023-12-04T04:49:08.503000Z
16,6,48.881804409079656,2.2921088710427284,2023-12-04T04:49:09.534000Z
14,2,48.88339733854529,2.371074522980134,2023-12-04T04:49:07.712000Z
47,19,48.84395729494058,2.3790882155299187,2023-12-04T04:49:08.229000Z
10,55,48.87525984132485,2.249415814876557,2023-12-04T04:49:07.834000Z
19,8,48.872933,2.309796,2023-12-04T04:49:08.918000Z
12,20,48.88713901475306,2.314494143994255,2023-12-04T04:49:07.657000Z
25,22,48.90390751882016,2.3830059170722966,2023-12-04T04:49:09.251000Z
27,12,48.84718551002347,2.3534858599305153,2023-12-04T04:49:09.431000Z
24,3,48.851602665222,2.3984030470379,2023-12-04T04:49:08.679000Z
20,11,48.90812110228388,2.378623187541962,2023-12-04T04:49:09.609000Z
53,6,48.84756654526,2.3025691509247,2023-12-04T04:49:09.152000Z
18,6,48.890097168851746,2.317377626895905,2023-12-04T04:49:07.569000Z
19,6,48.868807,2.185428,2023-12-04T04:49:08.338000Z
21,6,48.89835196548483,2.386150136590004,2023-12-04T04:49:09.763000Z
11,12,48.83617286014242,2.319392143923804,2023-12-04T04:49:08.774000Z
31,9,48.91835629408464,2.3523425683379173,2023-12-04T04:49:07.309000Z
13,5,48.8643275,2.2724174,2023-12-04T04:49:10.005000Z
36,23,48.852888670365,2.3891476408096,2023-12-04T04:49:09.170000Z
5,30,48.827817291597846,2.3705490678548813,2023-12-04T04:49:08.977000Z
20,29,48.832308,2.38637,2023-12-04T04:49:10.101000Z
17,8,48.81240466867336,2.3617091774940495,2023-12-04T04:49:07.371000Z
20,6,48.870797375639214,2.2277003154158592,2023-12-04T04:49:08.213000Z
30,14,48.839988788912,2.4005256685521,2023-12-04T04:49:07.837000Z
26,7,48.8479394142243,2.2608396783471107,2023-12-04T04:49:07.572000Z
18,2,48.825030852925,2.3264128693982,2023-12-04T04:49:08.439000Z
20,5,48.852566752033766,2.403928068708116,2023-12-04T04:49:09.028000Z
30,30,48.851355779579,2.369220033288,2023-12-04T04:49:07.755000Z
20,5,48.8701796,2.3967273,2023-12-04T04:49:09.243000Z
18,4,48.88650687534334,2.3938155401308374,2023-12-04T04:49:09.181000Z
11,26,48.82663907252554,2.4059280753135686,2023-12-04T04:49:07.081000Z
15,18,48.88115023337061,2.480436824262142,2023-12-04T04:49:07.343000Z
16,9,48.888912037698766,2.195632159709931,2023-12-04T04:49:08.001000Z
36,4,48.845665,2.355653,2023-12-04T04:49:09.195000Z
14,8,48.90271566255436,2.3933270573616032,2023-12-04T04:49:07.598000Z
23,11,48.851904891406384,2.347842156887055,2023-12-04T04:49:07.260000Z
17,5,48.89206174403158,2.4091735482215886,2023-12-04T04:49:07.289000Z
31,0,48.878199928923124,2.2992860188665043,2023-12-04T04:49:07.626000Z
37,25,48.845847561366,2.3017574474216,2023-12-04T04:49:07.963000Z
32,2,48.903281401126755,2.368072383105755,2023-12-04T04:49:07.502000Z
29,11,48.875674400851,2.3265598341823,2023-12-04T04:49:07.321000Z
9,18,48.905169868129036,2.3023840785026555,2023-12-04T04:49:10.117000Z
5,12,48.83976676978202,2.347510904073715,2023-12-04T04:49:09.769000Z
3,27,48.858102885107,2.3004072904587,2023-12-04T04:49:09.438000Z
11,12,48.84116092896631,2.32459545135498,2023-12-04T04:49:09.496000Z
11,13,48.85593932186797,2.441531717777252,2023-12-04T04:49:10.104000Z
33,17,48.824407,2.418455,2023-12-04T04:49:07.419000Z
51,9,48.8685433,2.3600032,2023-12-04T04:49:08.732000Z
36,6,48.86218070933143,2.2617871686816216,2023-12-04T04:49:08.723000Z
20,5,48.8949922,2.4253764,2023-12-04T04:49:07.469000Z
11,12,48.83329880233322,2.3173383995890617,2023-12-04T04:49:10.110000Z
14,7,48.87195626635528,2.384981390278095,2023-12-04T04:49:07.939000Z
27,4,48.84930687084088,2.417949736118317,2023-12-04T04:49:07.091000Z
14,3,48.881077914129,2.3095492646098,2023-12-04T04:49:08.136000Z
44,4,48.8227639,2.3249313,2023-12-04T04:49:09.728000Z
14,9,48.83629973941847,2.3104464635252953,2023-12-04T04:49:09.017000Z
10,17,48.841486,2.430793,2023-12-04T04:49:09.610000Z
24,26,48.850785261674964,2.2871585190296173,2023-12-04T04:49:08.194000Z
15,9,48.852060203583,2.3017993569374,2023-12-04T04:49:10.096000Z
27,0,48.84369030864,2.3657163977623,2023-12-04T04:49:08.244000Z
22,12,48.850310432924466,2.345015835298588,2023-12-04T04:49:08.989000Z
14,4,48.884146759782,2.341845408082,2023-12-04T04:49:09.817000Z
8,9,48.87397217237368,2.348388757504776,2023-12-04T04:49:08.441000Z
15,20,48.839794573906,2.3826066032052,2023-12-04T04:49:07.698000Z
15,1,48.8867667,2.326228,2023-12-04T04:49:08.737000Z
42,5,48.883474535757,2.326493114233,2023-12-04T04:49:08.475000Z
15,5,48.89104123261663,2.340014585442034,2023-12-04T04:49:08.988000Z
23,4,48.87033205312931,2.388777695596218,2023-12-04T04:49:08.014000Z
19,28,48.839061952159746,2.3499782010912895,2023-12-04T04:49:08.324000Z
23,8,48.844182577315,2.3640366643667,2023-12-04T04:49:08.315000Z
21,4,48.87352990026496,2.303444892168045,2023-12-04T04:49:07.058000Z
12,3,48.86926,2.289918,2023-12-04T04:49:08.971000Z
19,2,48.8258020742942,2.2487989068031315,2023-12-04T04:49:10.141000Z
1,52,48.83671783466264,2.283664085650799,2023-12-04T04:49:10.145000Z
0,0,48.88666162207,2.2843274474144,2023-12-04T04:49:09.606000Z
10,39,48.90782845483013,2.307887971401215,2023-12-04T04:49:07.198000Z
13,23,48.833218027457846,2.2677567601203923,2023-12-04T04:49:08.789000Z
29,12,48.92034156960326,2.3438543826341625,2023-12-04T04:49:08.433000Z
20,16,48.89587780769155,2.3226776719093327,2023-12-04T04:49:09.532000Z
13,18,48.85345855607243,2.3772463581947094,2023-12-04T04:49:07.731000Z
21,5,48.8703459,2.3842214,2023-12-04T04:49:09.964000Z
7,6,48.876156054271,2.3609149083206,2023-12-04T04:49:09.813000Z
17,16,48.844867319554,2.3825789350545,2023-12-04T04:49:07.440000Z
5,19,48.90245471981591,2.3128929734230046,2023-12-04T04:49:08.122000Z
36,8,48.874330377560476,2.3621229082345963,2023-12-04T04:49:09.215000Z
24,10,48.823316,2.354336,2023-12-04T04:49:09.228000Z
47,2,48.8984179,2.2791311,2023-12-04T04:49:08.128000Z
11,17,48.84487893836502,2.2905756533145905,2023-12-04T04:49:07.358000Z
19,11,48.82890454823947,2.31648076325655,2023-12-04T04:49:09.016000Z
25,3,48.8525288,2.4877332,2023-12-04T04:49:08.779000Z
18,13,48.858942986179,2.3314182047146,2023-12-04T04:49:09.434000Z
20,31,48.832294,2.3674523,2023-12-04T04:49:09.019000Z
21,7,48.83484585882868,2.2479459643363957,2023-12-04T04:49:07.511000Z
14,4,48.84274150283194,2.335021197795868,2023-12-04T04:49:08.872000Z
24,11,48.8354337,2.4077132,2023-12-04T04:49:09.039000Z
9,48,48.83868901709515,2.2818081825971603,2023-12-04T04:49:08.213000Z
24,7,48.87660391892763,2.404769691129476,2023-12-04T04:49:07.330000Z
10,8,48.8694370761222,2.40539657537972,2023-12-04T04:49:07.553000Z
39,0,48.876327,2.3585464,2023-12-04T04:49:09.805000Z
48,7,48.897488,2.343996,2023-12-04T04:49:08.649000Z
10,24,48.83094844846017,2.37965351592796,2023-12-04T04:49:08.458000Z
10,13,48.850188262662,2.3275961726904,2023-12-04T04:49:07.359000Z
2,28,48.946504,2.2496396,2023-12-04T04:49:07.351000Z
44,9,48.85023459321703,2.3303819820284843,2023-12-04T04:49:07.318000Z
36,25,48.83959442800459,2.3010657727718353,2023-12-04T04:49:07.952000Z
10,12,48.884432270368,2.2608044743538,2023-12-04T04:49:08.320000Z
9,9,48.8862524447104,2.3689296841621403,2023-12-04T04:49:07.771000Z
8,11,48.87068263384462,2.398959602331646,2023-12-04T04:49:08.733000Z
33,5,48.85493692155721,2.436049282550812,2023-12-04T04:49:08.793000Z
13,18,48.92540695835961,2.3644426837563515,2023-12-04T04:49:08.695000Z
5,33,48.8563358,2.3829901,2023-12-04T04:49:07.629000Z
9,12,48.898708366365064,2.3295360803604126,2023-12-04T04:49:07.670000Z
33,10,48.885263,2.298286,2023-12-04T04:49:07.609000Z
19,2,48.857992591527,2.3469167947769,2023-12-04T04:49:09.218000Z
20,4,48.8731167,2.3593052,2023-12-04T04:49:07.398000Z
12,8,48.85249172181667,2.462034523487091,2023-12-04T04:49:07.942000Z
17,2,48.82650293311,2.3092747998272,2023-12-04T04:49:10.093000Z
4,19,48.90636459217474,2.2835066914558415,2023-12-04T04:49:09.199000Z
7,19,48.8222334178559,2.4215328320860863,2023-12-04T04:49:09.691000Z
11,10,48.878249,2.341181,2023-12-04T04:49:08.717000Z
16,8,48.87979886049996,2.374839261174202,2023-12-04T04:49:09.916000Z
20,5,48.877532084130166,2.294512536052928,2023-12-04T04:49:09.544000Z
13,7,48.84749841771691,2.26848387135299,2023-12-04T04:49:08.918000Z
11,13,48.88753640381415,2.334307730197907,2023-12-04T04:49:08.321000Z
13,11,48.84576261454011,2.2369650006294255,2023-12-04T04:49:09.854000Z
10,11,48.890404028589806,2.270106375217438,2023-12-04T04:49:09.380000Z
23,3,48.883769733273496,2.29858466343129,2023-12-04T04:49:08.466000Z
4,31,48.892939296937605,2.3445510864257812,2023-12-04T04:49:09.556000Z
21,7,48.8862074,2.3206239,2023-12-04T04:49:07.428000Z
11,4,48.8691543609174,2.40932246879487,2023-12-04T04:49:09.204000Z
28,4,48.871815737396,2.3372015478451,2023-12-04T04:49:07.633000Z
9,53,48.829654975522,2.2638675570488,2023-12-04T04:49:07.288000Z
14,24,48.86254398506782,2.403290458023548,2023-12-04T04:49:08.225000Z
15,6,48.844974,2.287283,2023-12-04T04:49:08.160000Z
37,4,48.8756045,2.3995549,2023-12-04T04:49:09.237000Z
12,9,48.852297362582,2.3414132371545,2023-12-04T04:49:08.156000Z
23,6,48.89659571178903,2.384599149227142,2023-12-04T04:49:07.525000Z
25,14,48.8202823,2.473775,2023-12-04T04:49:08.148000Z
9,10,48.89383909781389,2.325953990221024,2023-12-04T04:49:08.397000Z
0,16,48.8099849920804,2.4580853059887886,2023-12-04T04:49:08.700000Z
6,5,48.87701838803332,2.3513179644942284,2023-12-04T04:49:08.474000Z
22,1,48.820864559770676,2.291113436222077,2023-12-04T04:49:09.136000Z
30,11,48.860934,2.375841,2023-12-04T04:49:08.992000Z
0,22,48.831448892608314,2.2412404417991643,2023-12-04T04:49:07.577000Z
23,23,48.88960028134536,2.3628534749150276,2023-12-04T04:49:07.200000Z
3,16,48.8755044846,2.3890327325519,2023-12-04T04:49:07.558000Z
24,14,48.8943782,2.3415122,2023-12-04T04:49:07.848000Z
36,10,48.8232579,2.2965213,2023-12-04T04:49:07.298000Z
21,3,48.85558642847872,2.408762907764669,2023-12-04T04:49:08.499000Z
14,9,48.8583666,2.2744515,2023-12-04T04:49:09.849000Z
13,11,48.87428447542072,2.332976511564311,2023-12-04T04:49:08.195000Z
25,11,48.856433706943704,2.379020587761426,2023-12-04T04:49:07.408000Z
31,4,48.848274111398,2.3292413726449,2023-12-04T04:49:09.996000Z
9,6,48.86500081847653,2.403980836377493,2023-12-04T04:49:08.706000Z
27,7,48.891213890844654,2.351288666219873,2023-12-04T04:49:09.555000Z
13,30,48.84243457133779,2.2921819612383847,2023-12-04T04:49:09.906000Z
13,4,48.872089449907,2.3575825989246,2023-12-04T04:49:07.463000Z
33,20,48.89859661942376,2.3689722642302513,2023-12-04T04:49:09.561000Z
19,8,48.87532687671517,2.4241617321968083,2023-12-04T04:49:09.624000Z
21,9,48.878255397645,2.3452642187476,2023-12-04T04:49:07.360000Z
29,22,48.8482070397636,2.2898658737540245,2023-12-04T04:49:07.575000Z
19,4,48.89088305227546,2.3688579350709915,2023-12-04T04:49:08.003000Z
25,0,48.871811807816,2.300238981843,2023-12-04T04:49:08.133000Z
4,30,48.83850740333351,2.2782871127128606,2023-12-04T04:49:09.516000Z
16,5,48.862654215631,2.3670325062844,2023-12-04T04:49:07.462000Z
13,2,48.83586772099485,2.33798034198275,2023-12-04T04:49:07.692000Z
6,15,48.80896378683884,2.4345204234123234,2023-12-04T04:49:08.440000Z
26,18,48.85132886434057,2.277785539627075,2023-12-04T04:49:08.432000Z
20,12,48.88667396788626,2.353205569088459,2023-12-04T04:49:07.423000Z
10,7,48.87939826447722,2.333709173337285,2023-12-04T04:49:08.029000Z
15,12,48.848280403628806,2.2373420120857195,2023-12-04T04:49:07.380000Z
25,8,48.89669238777841,2.338023450388167,2023-12-04T04:49:07.978000Z
60,1,48.85286124871689,2.268483570651513,2023-12-04T04:49:07.954000Z
36,7,48.849259262115,2.3917546141943,2023-12-04T04:49:08.860000Z
16,6,48.85386896766491,2.402426162238911,2023-12-04T04:49:08.680000Z
14,3,48.84308531746595,2.320263946784738,2023-12-04T04:49:10.012000Z
9,13,48.826885843069796,2.2723413258790965,2023-12-04T04:49:08.873000Z
5,22,48.89034054052266,2.2920683026313786,2023-12-04T04:49:09.073000Z
5,13,48.85714001395299,2.4043509364128113,2023-12-04T04:49:09.586000Z
29,0,48.875352455985,2.2964416444302,2023-12-04T04:49:07.103000Z
25,8,48.870948218595,2.3612049221992,2023-12-04T04:49:07.110000Z
24,2,48.879960700846226,2.321358695626259,2023-12-04T04:49:09.548000Z
11,4,48.85780291711202,2.277500546942199,2023-12-04T04:49:08.818000Z
21,18,48.93554324248177,2.3471488058567047,2023-12-04T04:49:07.573000Z
14,12,48.860089892617,2.344057559967,2023-12-04T04:49:08.753000Z
23,6,48.880423508429,2.3527636751533,2023-12-04T04:49:08.463000Z
15,9,48.859279702476,2.3466217517853,2023-12-04T04:49:08.697000Z
48,15,48.85972615790874,2.325860448181629,2023-12-04T04:49:08.030000Z
9,6,48.868144510482075,2.296149600985935,2023-12-04T04:49:09.669000Z
18,2,48.883601088297,2.3332237824798,2023-12-04T04:49:07.386000Z
30,0,48.784567029674,2.3979035764933,2023-12-04T04:49:08.437000Z
13,7,48.847648620797,2.3902582749724,2023-12-04T04:49:07.519000Z
19,8,48.88109246617963,2.3408224806189537,2023-12-04T04:49:09.561000Z
15,7,48.880955741648,2.3524305148385,2023-12-04T04:49:09.072000Z
33,12,48.887070607581215,2.304111124531457,2023-12-04T04:49:07.851000Z
16,14,48.850735824128805,2.375870111706245,2023-12-04T04:49:08.685000Z
32,9,48.863287291502,2.3869940266013,2023-12-04T04:49:09.588000Z
9,16,48.852575112948415,2.331552766263485,2023-12-04T04:49:08.216000Z
8,12,48.833468517426,2.2858720645308,2023-12-04T04:49:08.302000Z
36,9,48.80956436844049,2.3626908659935,2023-12-04T04:49:09.784000Z
48,1,48.8377016,2.3604946,2023-12-04T04:49:07.682000Z
29,7,48.8569864146289,2.282173218142987,2023-12-04T04:49:07.938000Z
2,42,48.8256423,2.3750226,2023-12-04T04:49:08.337000Z
16,7,48.8561915,2.2152966,2023-12-04T04:49:07.404000Z
34,12,48.84021670922,2.2716060653329,2023-12-04T04:49:07.152000Z
10,2,48.881823370566806,2.3202589899301524,2023-12-04T04:49:07.891000Z
0,19,48.85355351439652,2.3639122769236565,2023-12-04T04:49:07.483000Z
4,23,48.887808570529,2.3000952981763,2023-12-04T04:49:07.770000Z
27,4,48.834254627953,2.317609339387,2023-12-04T04:49:09.501000Z
61,4,48.8418071798797,2.31951002690117,2023-12-04T04:49:09.513000Z
4,11,48.858297001218,2.3237934708595,2023-12-04T04:49:09.435000Z
3,29,48.84954227788459,2.337939441204071,2023-12-04T04:49:09.433000Z
48,11,48.874794994841274,2.366669436984963,2023-12-04T04:49:07.700000Z
0,0,48.828156251575,2.3585135329033,2023-12-04T04:49:07.972000Z
20,7,48.883886063895,2.367198803315,2023-12-04T04:49:09.271000Z
10,31,48.8741908,2.3860039,2023-12-04T04:49:07.443000Z
28,2,48.88104925098552,2.424993216991425,2023-12-04T04:49:08.681000Z
21,1,48.8322649,2.2380413,2023-12-04T04:49:07.908000Z
9,13,48.87649965412676,2.379407362599104,2023-12-04T04:49:09.568000Z
19,12,48.865242333228,2.3516669869423,2023-12-04T04:49:09.275000Z
13,3,48.871446353921,2.3382901058508,2023-12-04T04:49:07.992000Z
41,9,48.82747252522725,2.2784319519996648,2023-12-04T04:49:08.256000Z
12,52,48.840639944296655,2.2780618071556096,2023-12-04T04:49:09.432000Z
18,10,48.866887649978,2.3066755757207,2023-12-04T04:49:07.861000Z
22,14,48.87345073390807,2.320404499769211,2023-12-04T04:49:07.461000Z
56,4,48.8338064,2.4132221,2023-12-04T04:49:07.257000Z
20,38,48.861273016278126,2.309453550914185,2023-12-04T04:49:08.653000Z
8,12,48.89874803977525,2.3645754531025887,2023-12-04T04:49:07.343000Z
31,4,48.882555807626765,2.3497482016682625,2023-12-04T04:49:07.957000Z
28,8,48.834097274832295,2.3087677359581,2023-12-04T04:49:09.211000Z
17,14,48.877321579493575,2.4083782732486725,2023-12-04T04:49:07.683000Z
19,6,48.873802681432146,2.427820265293122,2023-12-04T04:49:07.408000Z
26,3,48.870790980240706,2.3431010171771054,2023-12-04T04:49:09.400000Z
30,10,48.847460641142,2.3126140236855,2023-12-04T04:49:08.277000Z
15,14,48.858256413365815,2.35821794718504,2023-12-04T04:49:09.429000Z
2,25,48.881154,2.358411,2023-12-04T04:49:09.788000Z
27,7,48.86492782016328,2.442958317697048,2023-12-04T04:49:07.716000Z
4,17,48.813810628405,2.5096759200096,2023-12-04T04:49:08.979000Z
18,3,48.8827555,2.3361566,2023-12-04T04:49:07.654000Z
4,17,48.853833463852,2.3685702681541,2023-12-04T04:49:07.403000Z
12,16,48.892511213520656,2.3522228747606277,2023-12-04T04:49:08.251000Z
33,2,48.869495661232,2.3066138139003,2023-12-04T04:49:09.441000Z
4,20,48.891834448210986,2.300144659954865,2023-12-04T04:49:08.364000Z
19,3,48.833206330538864,2.3369108140468597,2023-12-04T04:49:09.807000Z
30,6,48.853899645527,2.3569472506642,2023-12-04T04:49:09.428000Z
47,18,48.839966914994,2.3788625746965,2023-12-04T04:49:08.396000Z
40,5,48.85853523359734,2.4273508787155156,2023-12-04T04:49:07.111000Z
20,7,48.85696177597818,2.40869477391243,2023-12-04T04:49:07.259000Z
25,0,48.820215229662765,2.3234144234418346,2023-12-04T04:49:08.448000Z
15,3,48.88714509078738,2.3325880989432335,2023-12-04T04:49:08.978000Z
18,29,48.86787670551736,2.372705978671471,2023-12-04T04:49:07.559000Z
0,20,48.83476837934194,2.284142297394666,2023-12-04T04:49:07.994000Z
27,3,48.88818698581028,2.316861143151153,2023-12-04T04:49:07.106000Z
14,12,48.89314451997415,2.2888818383216862,2023-12-04T04:49:08.492000Z
31,19,48.903653634661,2.3059353232384,2023-12-04T04:49:10.140000Z
37,13,48.89183721478911,2.335426103165901,2023-12-04T04:49:08.460000Z
1,17,48.84315611111599,2.2831090539693832,2023-12-04T04:49:07.574000Z
3,31,48.8555508,2.3752778,2023-12-04T04:49:08.442000Z
7,16,48.855296898603285,2.339947307565249,2023-12-04T04:49:07.954000Z
8,17,48.866483514509,2.3344334212238,2023-12-04T04:49:07.621000Z
16,7,48.862408335967,2.3113624379039,2023-12-04T04:49:08.458000Z
18,6,48.897918,2.3364872,2023-12-04T04:49:09.166000Z
22,8,48.871611569354755,2.345873080193996,2023-12-04T04:49:09.205000Z
25,2,48.84922568052601,2.4218603968620305,2023-12-04T04:49:09.228000Z
8,23,48.8417762,2.2986539,2023-12-04T04:49:07.278000Z
28,6,48.8568363,2.4780236,2023-12-04T04:49:09.706000Z
9,14,48.8831217743719,2.3863670602440834,2023-12-04T04:49:07.948000Z
17,6,48.82463749337136,2.3678014799952507,2023-12-04T04:49:08.438000Z
17,9,48.93261499331498,2.355954498052597,2023-12-04T04:49:07.102000Z
28,4,48.855603162026,2.39054639062,2023-12-04T04:49:07.699000Z
11,38,48.85242200848887,2.380632497370243,2023-12-04T04:49:08.979000Z
27,6,48.860116109626574,2.280840481911055,2023-12-04T04:49:08.722000Z
10,14,48.84969649427,2.3529685288668,2023-12-04T04:49:07.388000Z
22,11,48.82365543660611,2.3615723848342896,2023-12-04T04:49:07.715000Z
19,14,48.85273792380526,2.429966032505036,2023-12-04T04:49:09.480000Z
2,18,48.8043072,2.4437362,2023-12-04T04:49:07.429000Z
13,18,48.90661553626751,2.389432489871979,2023-12-04T04:49:09.255000Z
21,7,48.868997,2.346925,2023-12-04T04:49:08.970000Z
6,18,48.86826649822326,2.3304839059710503,2023-12-04T04:49:08.232000Z
26,19,48.84021933807409,2.263834191152959,2023-12-04T04:49:07.077000Z
25,9,48.875022,2.370478,2023-12-04T04:49:07.875000Z
16,26,48.851358329771806,2.383823134795429,2023-12-04T04:49:09.197000Z
6,29,48.83637852318147,2.3723404482007027,2023-12-04T04:49:07.084000Z
23,9,48.86860172112996,2.35570102930069,2023-12-04T04:49:09.803000Z
51,6,48.879305,2.362424,2023-12-04T04:49:07.921000Z
37,1,48.87815529789739,2.288518047864942,2023-12-04T04:49:07.623000Z
21,4,48.86803439043193,2.411030612453627,2023-12-04T04:49:07.996000Z
9,27,48.865346269362675,2.310193787964762,2023-12-04T04:49:09.221000Z
23,6,48.873409276267,2.2977904602885,2023-12-04T04:49:09.472000Z
12,5,48.869113,2.332515,2023-12-04T04:49:07.816000Z
21,9,48.87578906564573,2.347289621829987,2023-12-04T04:49:07.324000Z
29,4,48.7769529826096,2.2957214713096623,2023-12-04T04:49:08.339000Z
36,14,48.849686566191,2.3434996604919,2023-12-04T04:49:08.604000Z
7,34,48.850533,2.383756,2023-12-04T04:49:07.819000Z
9,21,48.850908146398,2.342130728066,2023-12-04T04:49:08.639000Z
1,15,48.84970399548416,2.364460788667202,2023-12-04T04:49:08.943000Z
13,17,48.86617395079137,2.3449775576591496,2023-12-04T04:49:09.707000Z
29,12,48.8181645,2.2458109,2023-12-04T04:49:07.730000Z
20,10,48.869517979344,2.3024262188416,2023-12-04T04:49:07.862000Z
29,3,48.846128877747,2.3242672160268,2023-12-04T04:49:08.461000Z
19,14,48.8313878,2.3408563,2023-12-04T04:49:08.002000Z
25,7,48.87661398289084,2.339765690267086,2023-12-04T04:49:09.456000Z
22,4,48.88256264247959,2.3812624812126164,2023-12-04T04:49:09.853000Z
37,2,48.842885590081,2.3244281485677,2023-12-04T04:49:09.603000Z
9,19,48.82255636666729,2.392039597034455,2023-12-04T04:49:07.642000Z
18,4,48.8816985773914,2.2836575657129288,2023-12-04T04:49:07.818000Z
24,4,48.892809461520265,2.4124351143836975,2023-12-04T04:49:08.228000Z
9,19,48.8837796723475,2.376477420330048,2023-12-04T04:49:07.319000Z
30,16,48.84717561492764,2.307052147596786,2023-12-04T04:49:08.312000Z
25,6,48.84009622558849,2.239872515201569,2023-12-04T04:49:09.300000Z
3,20,48.888559314669514,2.2642001509666447,2023-12-04T04:49:07.219000Z
4,14,48.8633762,2.3711327,2023-12-04T04:49:08.187000Z
23,8,48.82758774190948,2.3492151126265526,2023-12-04T04:49:07.369000Z
28,1,48.86338720692607,2.409725748002529,2023-12-04T04:49:08.488000Z
35,16,48.859246959155485,2.386553623578705,2023-12-04T04:49:10.062000Z
7,14,48.856399483950504,2.275240458548069,2023-12-04T04:49:07.071000Z
25,34,48.834131261494,2.4547516554594,2023-12-04T04:49:09.246000Z
30,25,48.83212027074841,2.388618104159832,2023-12-04T04:49:08.838000Z
52,4,48.83328865030686,2.2441747784614567,2023-12-04T04:49:09.285000Z
1,26,48.84107178161383,2.355475388467312,2023-12-04T04:49:07.890000Z
39,13,48.89032998912038,2.319730559929781,2023-12-04T04:49:10.092000Z
8,27,48.89905109950848,2.3365534096956253,2023-12-04T04:49:09.245000Z
20,12,48.82233088973263,2.298571803412886,2023-12-04T04:49:08.303000Z
51,3,48.82479134498032,2.336124926805496,2023-12-04T04:49:08.181000Z
41,24,48.83372354344807,2.386601903271428,2023-12-04T04:49:10.124000Z
40,10,48.82774555743318,2.4183654785156246,2023-12-04T04:49:07.248000Z
22,12,48.850507011842,2.3930755582745,2023-12-04T04:49:07.510000Z
5,8,48.88832421845225,2.353573372638597,2023-12-04T04:49:09.605000Z
7,15,48.82092946051445,2.3563179373741145,2023-12-04T04:49:10.156000Z
24,6,48.938882272105,2.3566243797541,2023-12-04T04:49:08.920000Z
15,33,48.83681733526843,2.3312794080411474,2023-12-04T04:49:07.765000Z
7,17,48.89679827481989,2.2984680533409123,2023-12-04T04:49:07.258000Z
9,12,48.8374688,2.401765,2023-12-04T04:49:07.603000Z
11,15,48.835523812041,2.3025986552238,2023-12-04T04:49:07.584000Z
40,5,48.83780830557548,2.2408381104469304,2023-12-04T04:49:08.478000Z
9,9,48.855580507049,2.3684333673431,2023-12-04T04:49:09.292000Z
21,1,48.78740167690531,2.2278830409049992,2023-12-04T04:49:07.197000Z
15,8,48.87326713758289,2.340753448052758,2023-12-04T04:49:08.929000Z
17,3,48.8622179854695,2.45533436536789,2023-12-04T04:49:07.216000Z
9,40,48.822632,2.377738,2023-12-04T04:49:08.016000Z
21,2,48.88526123395252,2.334559857845307,2023-12-04T04:49:08.454000Z
11,6,48.847040552603,2.4160453677177,2023-12-04T04:49:07.934000Z
2,16,48.8179685,2.4199531,2023-12-04T04:49:07.877000Z
13,9,48.82177227954821,2.313155829906464,2023-12-04T04:49:07.369000Z
30,8,48.82048243838136,2.366832196712494,2023-12-04T04:49:08.752000Z
40,3,48.8950295,2.1957932,2023-12-04T04:49:07.485000Z
18,6,48.857315824799,2.221091687679291,2023-12-04T04:49:09.940000Z
0,0,48.88092225101522,2.271581590175629,2023-12-04T04:49:09.976000Z
26,5,48.87266656122256,2.407912909984589,2023-12-04T04:49:07.982000Z
27,2,48.83453413883994,2.313154547426182,2023-12-04T04:49:09.227000Z
0,0,48.82591155587,2.3602393269539,2023-12-04T04:49:08.177000Z
21,5,48.876356,2.264205,2023-12-04T04:49:07.667000Z
20,30,48.837442,2.440452,2023-12-04T04:49:09.852000Z
12,6,48.87628983900398,2.5006942078471184,2023-12-04T04:49:08.183000Z
15,5,48.87626381919953,2.4562818557024,2023-12-04T04:49:07.464000Z
30,5,48.838751246689455,2.4605489149689674,2023-12-04T04:49:08.012000Z
25,28,48.892777719023975,2.3270335793495183,2023-12-04T04:49:09.758000Z
26,2,48.877870626988,2.3959073424339,2023-12-04T04:49:07.973000Z
8,9,48.877851443502536,2.3396701365709305,2023-12-04T04:49:09.941000Z
7,18,48.874405666217,2.3738072379951,2023-12-04T04:49:08.346000Z
47,10,48.897307310356055,2.40079153681279,2023-12-04T04:49:08.357000Z
0,0,48.883656206899,2.4033531546593,2023-12-04T04:49:08.299000Z
9,6,48.88078819514121,2.324815057218075,2023-12-04T04:49:07.279000Z
28,0,48.826035166059,2.3421768080043,2023-12-04T04:49:08.429000Z
13,29,48.838946417408025,2.3704235663952966,2023-12-04T04:49:09.963000Z
19,20,48.8646605,2.373162,2023-12-04T04:49:10.001000Z
18,12,48.88179064200294,2.4030599377642674,2023-12-04T04:49:08.332000Z
12,6,48.89056394743836,2.4064831843792427,2023-12-04T04:49:09.445000Z
17,7,48.863354122371,2.2864209115505,2023-12-04T04:49:09.166000Z
31,7,48.83507657562064,2.3415737262044938,2023-12-04T04:49:08.298000Z
19,1,48.878113787876,2.32956021945824,2023-12-04T04:49:09.635000Z
26,12,48.84014918546239,2.3044332861900334,2023-12-04T04:49:08.274000Z
32,8,48.86491723343388,2.2926748171448708,2023-12-04T04:49:09.517000Z
37,14,48.833250690537874,2.2765403240919113,2023-12-04T04:49:08.826000Z
16,11,48.879330755297346,2.368448562920093,2023-12-04T04:49:07.527000Z
8,11,48.91405323432864,2.412636950612068,2023-12-04T04:49:08.576000Z
11,9,48.8443415,2.2773844,2023-12-04T04:49:07.942000Z
35,16,48.843839785643,2.3704450240357,2023-12-04T04:49:09.116000Z
19,10,48.84044,2.294867,2023-12-04T04:49:08.828000Z
25,1,48.88126951579429,2.368186041712761,2023-12-04T04:49:08.819000Z
11,26,48.831481874467,2.3567550292319,2023-12-04T04:49:07.342000Z
12,3,48.8736824,2.3960278,2023-12-04T04:49:08.180000Z
28,7,48.90680713698062,2.364541214992642,2023-12-04T04:49:07.618000Z
22,5,48.84682410855,2.3669364675879,2023-12-04T04:49:09.375000Z
55,5,48.831151602964354,2.3438221961259837,2023-12-04T04:49:09.600000Z
7,8,48.816218640260445,2.344226874411106,2023-12-04T04:49:08.433000Z
18,15,48.849269143835926,2.2818631678819656,2023-12-04T04:49:07.297000Z
8,20,48.82631195621006,2.344585955142975,2023-12-04T04:49:07.693000Z
17,3,48.84949749106274,2.4750164151191716,2023-12-04T04:49:08.030000Z
23,14,48.8813072,2.294846,2023-12-04T04:49:08.642000Z
15,2,48.823283932030755,2.3659095168113713,2023-12-04T04:49:07.498000Z
36,10,48.870893,2.353521,2023-12-04T04:49:08.340000Z
17,4,48.87959698690176,2.3887913337477067,2023-12-04T04:49:07.528000Z
11,6,48.86642312020962,2.285863497192411,2023-12-04T04:49:08.771000Z
5,33,48.8600265,2.3710541,2023-12-04T04:49:08.880000Z
21,1,48.872755334614,2.2915497802487,2023-12-04T04:49:09.705000Z
34,5,48.8768345,2.3329067,2023-12-04T04:49:08.806000Z
23,5,48.812107928414775,2.325837314128876,2023-12-04T04:49:07.361000Z
38,30,48.840658921385234,2.3537524044513702,2023-12-04T04:49:08.756000Z
13,11,48.81769977392539,2.260931208729744,2023-12-04T04:49:07.610000Z
0,29,48.88494728765838,2.2677031159400944,2023-12-04T04:49:08.869000Z
15,7,48.86632723374305,2.3711163550615306,2023-12-04T04:49:08.185000Z
29,3,48.841487851079,2.3233232282801,2023-12-04T04:49:07.240000Z
5,13,48.87531563065266,2.3229019716382027,2023-12-04T04:49:07.770000Z
22,7,48.82714055843935,2.234234511852265,2023-12-04T04:49:08.732000Z
24,6,48.82537611802588,2.287235018058929,2023-12-04T04:49:08.018000Z
3,19,48.78599652305309,2.329955510795116,2023-12-04T04:49:09.739000Z
8,39,48.83767682233156,2.295586926020252,2023-12-04T04:49:08.771000Z
25,4,48.864273423741956,2.435784414410591,2023-12-04T04:49:07.570000Z
9,15,48.80108159069614,2.402097210288048,2023-12-04T04:49:08.135000Z
35,6,48.85258670812,2.2629252456151954,2023-12-04T04:49:08.758000Z
39,5,48.84797660373612,2.2966245196598805,2023-12-04T04:49:08.993000Z
11,20,48.822698842979,2.2686498274964,2023-12-04T04:49:08.690000Z
30,0,48.875443870736,2.2938242935036,2023-12-04T04:49:07.849000Z
5,15,48.84245,2.23989,2023-12-04T04:49:07.291000Z
12,33,48.867937,2.377885,2023-12-04T04:49:08.963000Z
5,41,48.82494563758295,2.388566136360169,2023-12-04T04:49:08.905000Z
28,6,48.790844603480856,2.2871455930319455,2023-12-04T04:49:08.464000Z
13,23,48.841795009027,2.3767850184816,2023-12-04T04:49:09.074000Z
27,1,48.87287120589831,2.3542150855064397,2023-12-04T04:49:07.449000Z
8,3,48.82900222785569,2.301431038163409,2023-12-04T04:49:09.378000Z
59,9,48.870406028483,2.323243509808,2023-12-04T04:49:09.759000Z
39,6,48.865709343796,2.3652737250724,2023-12-04T04:49:07.641000Z
19,0,48.85398448133697,2.41208288897222,2023-12-04T04:49:09.585000Z
34,6,48.830764,2.252024,2023-12-04T04:49:09.257000Z
3,20,48.850458009188,2.3524542754922,2023-12-04T04:49:09.060000Z
25,0,48.815007,2.328318,2023-12-04T04:49:09.779000Z
26,23,48.83649602312711,2.479562651149885,2023-12-04T04:49:07.840000Z
13,4,48.876733496637506,2.2834577411413193,2023-12-04T04:49:08.847000Z
14,6,48.85293603169479,2.280449643731117,2023-12-04T04:49:07.976000Z
42,8,48.819002163836444,2.292150005103606,2023-12-04T04:49:09.206000Z
16,3,48.786404,2.338848,2023-12-04T04:49:07.732000Z
11,18,48.8778983,2.2789591,2023-12-04T04:49:09.928000Z
13,22,48.82435208303827,2.2417913004755974,2023-12-04T04:49:07.059000Z
21,2,48.86053161154489,2.4091592812626543,2023-12-04T04:49:07.602000Z
1,28,48.81477852751594,2.398074567317963,2023-12-04T04:49:09.226000Z
50,0,48.851617204998654,2.401513597307666,2023-12-04T04:49:09.579000Z
11,2,48.817161987718954,2.360236309468746,2023-12-04T04:49:07.549000Z
0,40,48.819116181578764,2.3966637253761296,2023-12-04T04:49:08.179000Z
22,29,48.8433725710224,2.275132834911347,2023-12-04T04:49:08.187000Z
34,2,48.81718759671675,2.323841750621796,2023-12-04T04:49:08.131000Z
24,19,48.8896779050281,2.33817871442611,2023-12-04T04:49:09.962000Z
0,0,48.883151759186,2.2648814320564,2023-12-04T04:49:07.552000Z
21,14,48.86950262156371,2.4502260982990265,2023-12-04T04:49:09.386000Z
11,4,48.835405,2.358218,2023-12-04T04:49:08.148000Z
22,6,48.84158856925782,2.348489575088024,2023-12-04T04:49:07.361000Z
17,38,48.847623027364,2.2735664248466,2023-12-04T04:49:10.080000Z
20,10,48.8071937956922,2.353984415531159,2023-12-04T04:49:08.762000Z
19,3,48.861451061938,2.40568600595,2023-12-04T04:49:07.903000Z
25,10,48.857341095470794,2.2644165538827115,2023-12-04T04:49:09.216000Z
40,4,48.88216401466375,2.319852970540523,2023-12-04T04:49:08.506000Z
15,19,48.8429,2.38474,2023-12-04T04:49:08.668000Z
38,5,48.919141953558054,2.362065576016903,2023-12-04T04:49:07.769000Z
40,7,48.883546851533254,2.3131933808326726,2023-12-04T04:49:07.820000Z
7,20,48.893400392981874,2.336266523912805,2023-12-04T04:49:08.773000Z
10,21,48.853883541328,2.3493797332048,2023-12-04T04:49:09.777000Z
22,12,48.84858321339195,2.299347817897797,2023-12-04T04:49:08.755000Z
24,4,48.89826887103676,2.2849336266517644,2023-12-04T04:49:09.168000Z
56,3,48.8562118,2.3532536,2023-12-04T04:49:09.258000Z
30,2,48.88652251096166,2.173960916697979,2023-12-04T04:49:07.190000Z
12,11,48.858445054262,2.3903981223891,2023-12-04T04:49:09.627000Z
23,7,48.822032,2.329095,2023-12-04T04:49:09.757000Z
20,16,48.89035817610495,2.3036286234855656,2023-12-04T04:49:07.481000Z
34,3,48.8963765,2.3743692,2023-12-04T04:49:07.996000Z
4,18,48.787482746521306,2.3976725712418556,2023-12-04T04:49:07.569000Z
5,12,48.82529858840266,2.3945679143071175,2023-12-04T04:49:09.178000Z
12,11,48.855258115391,2.3473754525185,2023-12-04T04:49:09.048000Z
29,4,48.84373446877937,2.333428381875887,2023-12-04T04:49:07.669000Z
34,3,48.87521088779225,2.2842781618237495,2023-12-04T04:49:09.720000Z
8,20,48.81031545,2.34395871,2023-12-04T04:49:07.496000Z
4,16,48.91042343752563,2.399576604366303,2023-12-04T04:49:10.154000Z
9,34,48.846276485475,2.2786368057131767,2023-12-04T04:49:08.455000Z
13,8,48.822203,2.350422,2023-12-04T04:49:08.720000Z
34,9,48.895809485802886,2.327897409164145,2023-12-04T04:49:09.185000Z
42,3,48.845666194202,2.3741452395916,2023-12-04T04:49:09.882000Z
23,8,48.815388220397274,2.320886790760933,2023-12-04T04:49:07.066000Z
14,6,48.89392043619345,2.417981922626496,2023-12-04T04:49:08.020000Z
17,5,48.84630274151258,2.4207553267478947,2023-12-04T04:49:07.737000Z
27,4,48.796261,2.317289,2023-12-04T04:49:07.349000Z
19,4,48.829899841747384,2.3543356766748507,2023-12-04T04:49:08.434000Z
19,7,48.81710889740748,2.3193106434955717,2023-12-04T04:49:07.679000Z
21,46,48.84791249714942,2.2843059897422795,2023-12-04T04:49:08.724000Z
25,5,48.880883445404436,2.349934279918671,2023-12-04T04:49:08.772000Z
38,3,48.82764910241,2.3261967301369,2023-12-04T04:49:07.401000Z
29,2,48.86795222470859,2.28146318346262,2023-12-04T04:49:08.781000Z
21,18,48.815160030060376,2.4592879414558415,2023-12-04T04:49:07.332000Z
2,17,48.802936,2.42531,2023-12-04T04:49:08.763000Z
2,44,48.80253358011283,2.4275037646293645,2023-12-04T04:49:08.281000Z
27,19,48.85742876694898,2.4323049187660217,2023-12-04T04:49:09.613000Z
21,5,48.81990914045756,2.3592948541045193,2023-12-04T04:49:08.145000Z
32,6,48.8795079,2.3145456,2023-12-04T04:49:09.615000Z
19,8,48.909752,2.239145,2023-12-04T04:49:07.085000Z
17,3,48.8799933,2.2072437,2023-12-04T04:49:07.935000Z
2,32,48.89819702263572,2.293848017974069,2023-12-04T04:49:07.624000Z
11,14,48.849726940367326,2.452013790607453,2023-12-04T04:49:09.757000Z
2,21,48.806518992199,2.3368880152702,2023-12-04T04:49:09.770000Z
27,10,48.885927922355044,2.2933450341224675,2023-12-04T04:49:09.808000Z
15,15,48.8906231,2.3833701,2023-12-04T04:49:07.509000Z
0,18,48.885124323627,2.3496962338686,2023-12-04T04:49:07.590000Z
34,12,48.854176,2.396093,2023-12-04T04:49:09.877000Z
30,6,48.884687354509,2.3441386967897,2023-12-04T04:49:08.206000Z
31,2,48.800612,2.262151,2023-12-04T04:49:08.839000Z
9,12,48.84040868803496,2.3154367133975033,2023-12-04T04:49:09.194000Z
17,17,48.829575,2.369126,2023-12-04T04:49:07.838000Z
21,2,48.88229101148092,2.33324121683836,2023-12-04T04:49:08.837000Z
17,16,48.89611762451474,2.31790903955698,2023-12-04T04:49:09.380000Z
22,4,48.8712148,2.2937349,2023-12-04T04:49:10.118000Z
17,2,48.85385,2.470307,2023-12-04T04:49:07.379000Z
16,5,48.860134890542,2.3500636965036,2023-12-04T04:49:07.710000Z
40,2,48.847051143113745,2.2953405976295476,2023-12-04T04:49:09.485000Z
47,5,48.87332988919973,2.3352625966072087,2023-12-04T04:49:07.292000Z
7,23,48.91844023641836,2.3935630917549138,2023-12-04T04:49:08.879000Z
11,21,48.8453579,2.3965022,2023-12-04T04:49:07.065000Z
12,18,48.8343883676388,2.2656820714473724,2023-12-04T04:49:07.717000Z
18,3,48.896212845581346,2.4094578623771667,2023-12-04T04:49:08.076000Z
14,5,48.860448992575,2.3460162431002,2023-12-04T04:49:08.304000Z
11,11,48.894036161302104,2.2666339203715324,2023-12-04T04:49:07.576000Z
19,5,48.861419,2.352581,2023-12-04T04:49:07.193000Z
8,14,48.790379518724265,2.3895226791501045,2023-12-04T04:49:08.841000Z
16,4,48.882193779572,2.3405495658517,2023-12-04T04:49:08.268000Z
0,24,48.94342014002797,2.2487476095557213,2023-12-04T04:49:07.398000Z
14,7,48.88294340845,2.3464846238494,2023-12-04T04:49:09.845000Z
20,5,48.8893935006175,2.414379715919495,2023-12-04T04:49:08.972000Z
33,6,48.87861855668978,2.4120327830314636,2023-12-04T04:49:07.933000Z
14,9,48.8547194,2.2952168,2023-12-04T04:49:10.155000Z
4,24,48.77850332486751,2.4006786569952965,2023-12-04T04:49:07.992000Z
4,20,48.85120156830401,2.2846536710858345,2023-12-04T04:49:08.351000Z
5,16,48.91502382370325,2.4035281687974925,2023-12-04T04:49:08.300000Z
13,15,48.879612765503616,2.3568402975797653,2023-12-04T04:49:09.446000Z
13,5,48.853305277595,2.3344654618827,2023-12-04T04:49:09.194000Z
23,19,48.850440013405,2.378901366211,2023-12-04T04:49:09.029000Z
28,2,48.897874318180556,2.2182820737361912,2023-12-04T04:49:09.410000Z
33,0,48.874836457837,2.2971323132515,2023-12-04T04:49:08.917000Z
20,5,48.876693805756986,2.3305362090468407,2023-12-04T04:49:09.344000Z
41,10,48.837853,2.382064,2023-12-04T04:49:07.841000Z
24,0,48.867415092322,2.2258946679617,2023-12-04T04:49:09.637000Z
4,24,48.827090233494964,2.2606857866048813,2023-12-04T04:49:10.147000Z
18,8,48.8300989,2.3502726,2023-12-04T04:49:07.702000Z
12,4,48.88215166773376,2.3463253676891327,2023-12-04T04:49:07.499000Z
26,11,48.89374453351521,2.3476678133010864,2023-12-04T04:49:07.262000Z
9,11,48.9312676,2.2603778,2023-12-04T04:49:07.876000Z
26,19,48.8562322730982,2.426436245441437,2023-12-04T04:49:07.482000Z
31,8,48.829522989420596,2.343570403754711,2023-12-04T04:49:08.476000Z
4,17,48.842761803051,2.3524079471827,2023-12-04T04:49:08.267000Z
41,18,48.819428333369,2.3433353751898,2023-12-04T04:49:07.750000Z
25,5,48.82414282524159,2.3158789426088333,2023-12-04T04:49:07.518000Z
32,7,48.871347597383,2.3414588347077,2023-12-04T04:49:07.634000Z
3,10,48.877356057652,2.3545114456374,2023-12-04T04:49:09.182000Z
2,17,48.873781940593325,2.344513876337893,2023-12-04T04:49:09.449000Z
10,8,48.90165072551549,2.4017545580863957,2023-12-04T04:49:09.207000Z
17,15,48.82245594764965,2.347382729482953,2023-12-04T04:49:07.504000Z
22,5,48.841923663276546,2.389728979467376,2023-12-04T04:49:10.143000Z
19,3,48.869789,2.326347,2023-12-04T04:49:08.134000Z
3,29,48.83460464474706,2.3970650508999825,2023-12-04T04:49:07.445000Z
1,11,48.83596927866069,2.302064039509349,2023-12-04T04:49:09.818000Z
26,19,48.859059340842,2.3476943001151,2023-12-04T04:49:07.665000Z
9,21,48.842668466104875,2.3618587106466293,2023-12-04T04:49:07.669000Z
26,7,48.84629899065091,2.472420372068882,2023-12-04T04:49:08.017000Z
17,10,48.78266870733145,2.381317801773548,2023-12-04T04:49:10.152000Z
4,28,48.8550222,2.3612322,2023-12-04T04:49:08.260000Z
29,8,48.853754486938,2.3044242337346,2023-12-04T04:49:07.873000Z
15,10,48.82485182597129,2.2925933450460434,2023-12-04T04:49:08.654000Z
35,8,48.83787825992554,2.4044052511453633,2023-12-04T04:49:08.784000Z
8,8,48.86181809267,2.3501381278038,2023-12-04T04:49:07.270000Z
23,7,48.858835448898,2.3518279194832,2023-12-04T04:49:09.430000Z
5,34,48.947022436806705,2.256898172199726,2023-12-04T04:49:09.881000Z
8,5,48.877932,2.318264,2023-12-04T04:49:07.652000Z
13,11,48.81930581291959,2.278934195637703,2023-12-04T04:49:07.380000Z
6,10,48.868288993515,2.3380893096328,2023-12-04T04:49:07.755000Z
16,4,48.85165625855281,2.335500307381153,2023-12-04T04:49:08.691000Z
29,6,48.84461063309956,2.317914068698883,2023-12-04T04:49:08.808000Z
17,9,48.848175129981,2.3763584494312,2023-12-04T04:49:08.306000Z
23,4,48.783194713067815,2.2429127991199493,2023-12-04T04:49:07.796000Z
15,26,48.86393331949257,2.352406270802021,2023-12-04T04:49:08.780000Z
29,11,48.846043490118454,2.313245013356209,2023-12-04T04:49:09.229000Z
15,5,48.87985155789093,2.345232367515564,2023-12-04T04:49:09.385000Z
18,5,48.8307758,2.3361804,2023-12-04T04:49:07.640000Z
15,17,48.823393984057304,2.2497073194874866,2023-12-04T04:49:07.628000Z
6,13,48.91844993053703,2.3727085813879967,2023-12-04T04:49:07.268000Z
3,19,48.88125253846116,2.31653843075037,2023-12-04T04:49:08.725000Z
33,17,48.84997403844251,2.45557576417923,2023-12-04T04:49:07.389000Z
5,30,48.846401,2.28502,2023-12-04T04:49:07.850000Z
37,10,48.8430515215905,2.295200452208519,2023-12-04T04:49:07.551000Z
25,7,48.83254578123,2.3254923149943,2023-12-04T04:49:09.512000Z
24,6,48.85230729014318,2.415605485439301,2023-12-04T04:49:09.012000Z
37,18,48.836826091766,2.3071701095578,2023-12-04T04:49:10.101000Z
8,36,48.82887629664,2.3744382709265,2023-12-04T04:49:07.489000Z
15,8,48.88433053604843,2.4082902455152104,2023-12-04T04:49:08.471000Z
1,26,48.815071719544434,2.4121668934822087,2023-12-04T04:49:08.721000Z
8,15,48.85545136013941,2.3334722220897675,2023-12-04T04:49:08.792000Z
6,14,48.8869703,2.3668488,2023-12-04T04:49:07.471000Z
13,8,48.8337,2.3215,2023-12-04T04:49:07.653000Z
27,1,48.852919679957296,2.410522909779111,2023-12-04T04:49:09.590000Z
31,5,48.86302317841182,2.2687188170157406,2023-12-04T04:49:07.666000Z
23,7,48.915096534520316,2.375951372087002,2023-12-04T04:49:08.301000Z
26,5,48.874999954666755,2.3522757401923404,2023-12-04T04:49:09.459000Z
12,13,48.834848452929,2.3668264996271,2023-12-04T04:49:07.767000Z
12,12,48.8274804,2.3319217,2023-12-04T04:49:07.290000Z
40,10,48.8538327,2.3697222,2023-12-04T04:49:07.070000Z
6,24,48.856931678257,2.3706749462105,2023-12-04T04:49:07.638000Z
12,21,48.88490187110713,2.3109393194317818,2023-12-04T04:49:09.549000Z
2,22,48.86164273878,2.3727491497993,2023-12-04T04:49:08.816000Z
22,11,48.89239614618928,2.317142598330975,2023-12-04T04:49:09.775000Z
19,3,48.870306124369975,2.285074541420228,2023-12-04T04:49:07.460000Z
27,5,48.824363561288756,2.2131047397851944,2023-12-04T04:49:07.317000Z
7,12,48.869228052648,2.324421107769,2023-12-04T04:49:07.066000Z
17,16,48.864707139122984,2.408344637349607,2023-12-04T04:49:09.587000Z
13,19,48.89299462568024,2.340144887566567,2023-12-04T04:49:07.668000Z
19,16,48.848904447989405,2.3473486304283147,2023-12-04T04:49:07.817000Z
33,10,48.83005755305626,2.3232302069664006,2023-12-04T04:49:07.995000Z
17,13,48.870809428669546,2.281149007691853,2023-12-04T04:49:08.359000Z
20,3,48.87393521240818,2.3064258322119713,2023-12-04T04:49:07.373000Z
6,17,48.85428437993525,2.384767457842827,2023-12-04T04:49:08.962000Z
57,3,48.84524763511433,2.2569015249609947,2023-12-04T04:49:08.147000Z
2,28,48.8155839183714,2.3505029082298283,2023-12-04T04:49:07.305000Z
5,31,48.8340107632249,2.289516180753708,2023-12-04T04:49:09.855000Z
30,9,48.84030274499962,2.394630398715453,2023-12-04T04:49:07.429000Z
10,11,48.919898633572764,2.31458459136273,2023-12-04T04:49:09.789000Z
31,1,48.87836138361425,2.305254448220567,2023-12-04T04:49:08.659000Z
27,9,48.866143390992,2.3251800647137,2023-12-04T04:49:08.764000Z
11,20,48.869689856852,2.3107324540615,2023-12-04T04:49:07.485000Z
32,4,48.846821681548,2.4001130461693,2023-12-04T04:49:09.483000Z
14,8,48.89543299733937,2.3530178144574165,2023-12-04T04:49:09.690000Z
29,10,48.86877849178477,2.274354539176829,2023-12-04T04:49:08.799000Z
12,20,48.8626302,2.3498075,2023-12-04T04:49:07.331000Z
21,9,48.89876016219984,2.375325746834278,2023-12-04T04:49:07.421000Z
6,9,48.841739161231,2.3315522167367,2023-12-04T04:49:09.638000Z
17,13,48.79722273833844,2.302115857601166,2023-12-04T04:49:08.130000Z
9,27,48.8601346,2.3611206,2023-12-04T04:49:09.764000Z
42,19,48.8447677,2.3110086,2023-12-04T04:49:08.704000Z
48,15,48.841508690388835,2.350066713988781,2023-12-04T04:49:07.860000Z
21,10,48.872859139003,2.3700717069851,2023-12-04T04:49:08.661000Z
14,6,48.78909814728443,2.368387877941132,2023-12-04T04:49:07.105000Z
4,23,48.820029010376956,2.4846760556101803,2023-12-04T04:49:08.455000Z
29,9,48.83750862621299,2.2577651962637906,2023-12-04T04:49:09.413000Z
37,4,48.843827994315,2.3225811123848,2023-12-04T04:49:08.722000Z
13,12,48.774703,2.373685,2023-12-04T04:49:08.207000Z
28,8,48.8395385,2.3972516,2023-12-04T04:49:08.334000Z
34,2,48.848364667777,2.3997623859813,2023-12-04T04:49:08.991000Z
1,19,48.809932980484355,2.443288456496946,2023-12-04T04:49:07.985000Z
10,1,48.884542726149725,2.3386867716908455,2023-12-04T04:49:08.645000Z
19,5,48.86854239566069,2.3897721245884895,2023-12-04T04:49:07.913000Z
32,3,48.863936848471994,2.2765953093767166,2023-12-04T04:49:09.232000Z
33,7,48.8237677924683,2.27231115102768,2023-12-04T04:49:09.412000Z
15,4,48.876620377545024,2.3457641154527664,2023-12-04T04:49:07.403000Z
19,3,48.86216198070008,2.41112578185621,2023-12-04T04:49:07.984000Z
25,0,48.835064363954,2.323731449974,2023-12-04T04:49:07.983000Z
25,6,48.853246898211985,2.405871044529538,2023-12-04T04:49:09.581000Z
18,8,48.8542210666207,2.319614924490452,2023-12-04T04:49:07.893000Z
26,6,48.896328348515986,2.333390423834684,2023-12-04T04:49:08.646000Z
31,5,48.84342376221923,2.3376645147800446,2023-12-04T04:49:07.196000Z
11,18,48.864295696165875,2.398228667282044,2023-12-04T04:49:08.480000Z
13,8,48.884008964514,2.3599335551262,2023-12-04T04:49:08.337000Z
10,18,48.84267354116789,2.3972943797707558,2023-12-04T04:49:08.241000Z
20,7,48.87356870686902,2.281512522529856,2023-12-04T04:49:08.691000Z
8,32,48.899641123987095,2.344321422278881,2023-12-04T04:49:07.220000Z
35,4,48.819897343156676,2.3397007964124366,2023-12-04T04:49:07.904000Z
17,1,48.88242307900951,2.3090453445911407,2023-12-04T04:49:09.868000Z
24,0,48.88126642422664,2.328197093450571,2023-12-04T04:49:10.109000Z
5,12,48.862534941806,2.3543103039265,2023-12-04T04:49:08.603000Z
26,16,48.83548071896613,2.348572461702221,2023-12-04T04:49:07.872000Z
20,4,48.84369906369085,2.410361237220498,2023-12-04T04:49:08.705000Z
49,2,48.845182081538034,2.26211277356597,2023-12-04T04:49:09.186000Z
22,5,48.87756832086,2.3698791861534,2023-12-04T04:49:08.015000Z
29,3,48.877127316667654,2.322417162358761,2023-12-04T04:49:09.445000Z
10,6,48.86358858111446,2.3477794602513313,2023-12-04T04:49:08.153000Z
29,13,48.88933353845543,2.3707854375243187,2023-12-04T04:49:07.443000Z
3,21,48.78913702405837,2.4284800887107854,2023-12-04T04:49:07.323000Z
10,12,48.90098953630053,2.3887022584676743,2023-12-04T04:49:07.457000Z
7,21,48.86557404753054,2.3564198613166814,2023-12-04T04:49:09.397000Z
6,15,48.837884,2.308876,2023-12-04T04:49:08.157000Z
6,16,48.921891003481115,2.2952306270599365,2023-12-04T04:49:09.073000Z
29,21,48.8580378,2.3679352,2023-12-04T04:49:07.764000Z
10,2,48.85026702458,2.4062821269035,2023-12-04T04:49:07.350000Z
29,4,48.870508937204,2.3340544619393,2023-12-04T04:49:08.196000Z
26,5,48.889199725577,2.3950181901455,2023-12-04T04:49:07.478000Z
4,23,48.93159430558871,2.2889783978462224,2023-12-04T04:49:09.816000Z
21,2,48.857346707443,2.3539767041802,2023-12-04T04:49:08.132000Z
20,3,48.8780992764359,2.41104629853209,2023-12-04T04:49:08.485000Z
4,26,48.86610337431042,2.359649240970612,2023-12-04T04:49:08.756000Z
11,9,48.904033,2.245096,2023-12-04T04:49:07.832000Z
23,13,48.864053304653766,2.347587011754513,2023-12-04T04:49:07.322000Z
13,8,48.87811957063342,2.2233625128865246,2023-12-04T04:49:07.548000Z
23,9,48.83252708397293,2.362354410392119,2023-12-04T04:49:09.210000Z
13,13,48.86450567259199,2.3461959511041637,2023-12-04T04:49:09.398000Z
21,4,48.867433724231,2.3536357283592,2023-12-04T04:49:07.192000Z
39,5,48.867458,2.3445211,2023-12-04T04:49:08.757000Z
5,11,48.86502194581,2.3450684401448,2023-12-04T04:49:08.892000Z
24,5,48.876601,2.391769,2023-12-04T04:49:09.716000Z
13,6,48.861636880212,2.3566960206458,2023-12-04T04:49:08.998000Z
24,8,48.8661116315789,2.3507790675507594,2023-12-04T04:49:07.107000Z
49,3,48.842319830109304,2.3670300096273422,2023-12-04T04:49:09.762000Z
29,4,48.82650543613106,2.313136198271666,2023-12-04T04:49:07.076000Z
12,13,48.83460221715206,2.2957482933998112,2023-12-04T04:49:08.832000Z
14,17,48.86446178139141,2.361762821674347,2023-12-04T04:49:09.419000Z
17,3,48.87387,2.224185,2023-12-04T04:49:09.219000Z
24,4,48.85941800703,2.3559471219778,2023-12-04T04:49:09.429000Z
39,11,48.8236825874564,2.3077843710780144,2023-12-04T04:49:07.236000Z
21,9,48.82884804502439,2.3285973072052,2023-12-04T04:49:08.817000Z
0,30,48.90999330025577,2.288238108158112,2023-12-04T04:49:07.872000Z
5,11,48.867211201859,2.3635464370545,2023-12-04T04:49:07.851000Z
15,2,48.884178287286,2.3561057075858,2023-12-04T04:49:09.942000Z
2,10,48.8512971,2.3624535,2023-12-04T04:49:08.472000Z
14,5,48.87514373494672,2.338118505144376,2023-12-04T04:49:08.731000Z
10,11,48.792862,2.363093,2023-12-04T04:49:07.508000Z
18,5,48.86364636851945,2.33409583568573,2023-12-04T04:49:07.390000Z
4,18,48.85511009293948,2.4930700287222862,2023-12-04T04:49:09.374000Z
3,14,48.858158956779,2.3647149920992,2023-12-04T04:49:09.418000Z
34,8,48.855949910497,2.3563823103905,2023-12-04T04:49:08.904000Z
15,11,48.86210505412563,2.3649600148200993,2023-12-04T04:49:07.264000Z
24,4,48.855692253233,2.3579058051109,2023-12-04T04:49:09.285000Z
27,6,48.835147319625,2.3294411972165,2023-12-04T04:49:08.204000Z
1,26,48.852639866624806,2.3607301712036137,2023-12-04T04:49:07.501000Z
35,4,48.89717672825043,2.3745173960924144,2023-12-04T04:49:08.150000Z
8,11,48.905928,2.253629,2023-12-04T04:49:08.224000Z
1,29,48.91585580539625,2.2948095202445984,2023-12-04T04:49:07.488000Z
0,0,48.887148,2.349064,2023-12-04T04:49:09.704000Z
27,17,48.8699355331869,2.3359975218772893,2023-12-04T04:49:07.711000Z
22,2,48.81191981537702,2.3570189997553825,2023-12-04T04:49:07.249000Z
24,8,48.83866275706582,2.2525164484977727,2023-12-04T04:49:07.672000Z
10,7,48.867141720745806,2.348393350839615,2023-12-04T04:49:07.430000Z
6,14,48.86297805972131,2.3414635285735126,2023-12-04T04:49:09.671000Z
12,13,48.866810653323,2.3343884482519,2023-12-04T04:49:09.026000Z
6,8,48.857999643315,2.3502172809763,2023-12-04T04:49:09.169000Z
20,5,48.8218104687602,2.205879874527455,2023-12-04T04:49:07.292000Z
18,6,48.86265537999924,2.2089037319128613,2023-12-04T04:49:07.690000Z
7,12,48.86868344444473,2.3502043269474897,2023-12-04T04:49:08.333000Z
16,3,48.864773553495,2.3294493936128,2023-12-04T04:49:09.631000Z
13,16,48.871256519012,2.4865807592869,2023-12-04T04:49:07.386000Z
9,11,48.86557114282421,2.330567417577153,2023-12-04T04:49:08.209000Z
6,14,48.913179,2.257726,2023-12-04T04:49:07.541000Z
17,7,48.821919702956144,2.3633468834070914,2023-12-04T04:49:07.310000Z
2,15,48.861342760889,2.3400047421455,2023-12-04T04:49:08.283000Z
58,0,48.868899890853,2.3397543845203,2023-12-04T04:49:07.923000Z
44,9,48.8311602,2.3774395,2023-12-04T04:49:07.417000Z
18,5,48.87243,2.33359,2023-12-04T04:49:09.853000Z
12,16,48.8672190355135,2.3404625437747044,2023-12-04T04:49:09.040000Z
18,10,48.863490871724466,2.3400671035051346,2023-12-04T04:49:09.780000Z
5,21,48.8978712500682,2.333521842956543,2023-12-04T04:49:09.904000Z
23,11,48.8461024009786,2.3412207886576653,2023-12-04T04:49:09.629000Z
57,8,48.8490535919234,2.325317971408367,2023-12-04T04:49:08.208000Z
21,3,48.842738478258,2.3297942217634,2023-12-04T04:49:08.303000Z
21,10,48.805131376899986,2.388489693403244,2023-12-04T04:49:07.238000Z
4,17,48.863443132848,2.3348781846405,2023-12-04T04:49:09.804000Z
26,6,48.88421554703737,2.3056533560156827,2023-12-04T04:49:09.533000Z
3,25,48.8623615,2.3595041,2023-12-04T04:49:09.953000Z
27,8,48.85965138131299,2.436705082654953,2023-12-04T04:49:07.600000Z
33,2,48.793824988636516,2.2731140430551027,2023-12-04T04:49:07.400000Z
32,12,48.832934193699835,2.402636749399156,2023-12-04T04:49:09.485000Z
5,13,48.86379590966231,2.3425736278295517,2023-12-04T04:49:07.684000Z
8,35,48.81152481985875,2.4017931148409843,2023-12-04T04:49:08.004000Z
12,11,48.8660354,2.3420333,2023-12-04T04:49:07.501000Z
2,17,48.867643242297,2.3333894088864,2023-12-04T04:49:08.257000Z
13,5,48.8811043724,2.3366955667734,2023-12-04T04:49:09.071000Z
21,2,48.865804746474,2.2829206287861,2023-12-04T04:49:09.628000Z
26,6,48.86362695901683,2.342623919248581,2023-12-04T04:49:10.147000Z
6,10,48.93828169931872,2.3508992046117783,2023-12-04T04:49:07.073000Z
0,0,48.876887,2.374454,2023-12-04T04:49:09.447000Z
16,7,48.83219045374266,2.2340199351310734,2023-12-04T04:49:08.146000Z
23,4,48.785205,2.302526,2023-12-04T04:49:07.283000Z
15,20,48.845127728278,2.4015686296482,2023-12-04T04:49:07.678000Z
14,20,48.86521763101122,2.39365965127945,2023-12-04T04:49:08.699000Z
19,3,48.85135,2.412021,2023-12-04T04:49:07.172000Z
31,3,48.870828911558,2.3459213599563,2023-12-04T04:49:09.418000Z
4,24,48.85973,2.40334,2023-12-04T04:49:08.824000Z
2,31,48.813881,2.392429,2023-12-04T04:49:10.085000Z
17,9,48.8850134,2.3070717,2023-12-04T04:49:09.236000Z
14,24,48.837135900263,2.3515201359987,2023-12-04T04:49:07.409000Z
13,14,48.821707715257055,2.2853431485432423,2023-12-04T04:49:09.747000Z
20,1,48.875565910073,2.3930460959673,2023-12-04T04:49:07.975000Z
13,7,48.8791665,2.3787959,2023-12-04T04:49:07.104000Z
40,8,48.84423193255657,2.439209537709179,2023-12-04T04:49:08.669000Z
27,8,48.900504,2.261173,2023-12-04T04:49:10.164000Z
15,5,48.843252536286684,2.245987951755524,2023-12-04T04:49:07.649000Z
22,8,48.8762009747008,2.319786250591278,2023-12-04T04:49:07.822000Z
23,10,48.8255961335041,2.350204177200794,2023-12-04T04:49:07.533000Z
1,43,48.83923319241899,2.2915197908878326,2023-12-04T04:49:09.165000Z
14,10,48.832681,2.250257,2023-12-04T04:49:09.276000Z
19,16,48.83258651335057,2.371211388119954,2023-12-04T04:49:09.954000Z
1,15,48.858001906023354,2.381797702650783,2023-12-04T04:49:09.751000Z
44,10,48.8906429898976,2.3762554675340652,2023-12-04T04:49:08.919000Z
18,2,48.847796779935,2.4061721563339,2023-12-04T04:49:08.497000Z
19,4,48.85088123091874,2.301219999790192,2023-12-04T04:49:07.557000Z
11,14,48.782414428747316,2.3166695237159733,2023-12-04T04:49:08.475000Z
36,14,48.82010494991975,2.3725583776831627,2023-12-04T04:49:10.094000Z
28,10,48.876383969379,2.335356677933531,2023-12-04T04:49:08.660000Z
23,10,48.8899944409612,2.342529706656933,2023-12-04T04:49:08.790000Z
13,4,48.854963800335234,2.387217085372007,2023-12-04T04:49:08.405000Z
17,21,48.83815160808658,2.357108449556404,2023-12-04T04:49:07.534000Z
28,22,48.82548157443457,2.4098803102970128,2023-12-04T04:49:08.707000Z
23,21,48.841249336041045,2.288386600849503,2023-12-04T04:49:07.625000Z
18,19,48.83287705011431,2.306762784719467,2023-12-04T04:49:09.515000Z
17,1,48.79673508795443,2.3683342337608337,2023-12-04T04:49:08.333000Z
33,34,48.843277330035214,2.30230766886348,2023-12-04T04:49:09.514000Z
30,0,48.872699639621,2.3001953959465,2023-12-04T04:49:07.218000Z
20,8,48.886248917304805,2.3774591088294987,2023-12-04T04:49:07.840000Z
29,0,48.89021003702,2.3601756244898,2023-12-04T04:49:07.605000Z
27,3,48.870103359864,2.3043501377106,2023-12-04T04:49:08.288000Z
12,5,48.87077436024,2.3496496368327,2023-12-04T04:49:08.417000Z
25,0,48.81040517059777,2.327060401439667,2023-12-04T04:49:07.815000Z
17,10,48.8791964,2.2915403,2023-12-04T04:49:09.271000Z
25,6,48.84354203133597,2.418427169322968,2023-12-04T04:49:08.178000Z
25,8,48.820507,2.351342,2023-12-04T04:49:08.738000Z
36,17,48.84693552991762,2.3770876228809357,2023-12-04T04:49:07.462000Z
44,2,48.8488408,2.3973043,2023-12-04T04:49:09.030000Z
26,9,48.83088717455243,2.318882101207347,2023-12-04T04:49:08.443000Z
46,20,48.85264791461651,2.2758664190769196,2023-12-04T04:49:09.563000Z
0,0,48.875337902264,2.4059921130538,2023-12-04T04:49:09.594000Z
1,19,48.793855,2.336637,2023-12-04T04:49:09.627000Z
8,3,48.86615630668046,2.3891324177384377,2023-12-04T04:49:08.484000Z
20,17,48.805342480621576,2.363983690738678,2023-12-04T04:49:07.387000Z
14,6,48.83607420090204,2.4189166724681854,2023-12-04T04:49:07.586000Z
26,4,48.846192642574,2.3703800886869,2023-12-04T04:49:07.653000Z
7,10,48.85385817168762,2.400004081428051,2023-12-04T04:49:08.282000Z
3,16,48.82110230800372,2.378775402903557,2023-12-04T04:49:08.641000Z
19,1,48.88958925894009,2.4198862910270695,2023-12-04T04:49:08.682000Z
30,5,48.826764665199,2.3650860786438,2023-12-04T04:49:07.601000Z
14,15,48.86095933229224,2.400421852042113,2023-12-04T04:49:07.956000Z
26,6,48.901616564286975,2.269354350864887,2023-12-04T04:49:08.151000Z
22,3,48.84827609706963,2.4398955702781677,2023-12-04T04:49:09.749000Z
47,2,48.837925263898,2.3225428909063,2023-12-04T04:49:08.384000Z
25,11,48.83051287670899,2.3343613743782043,2023-12-04T04:49:09.500000Z
8,8,48.861720329027264,2.275346568555312,2023-12-04T04:49:08.889000Z
5,15,48.890875,2.3449019,2023-12-04T04:49:09.814000Z
5,23,48.84986918764119,2.268257387525699,2023-12-04T04:49:07.218000Z
30,5,48.82805169605981,2.2924277186393742,2023-12-04T04:49:07.604000Z
36,8,48.85533710742046,2.3997703687646292,2023-12-04T04:49:08.186000Z
23,7,48.874230055580306,2.325570111724113,2023-12-04T04:49:07.484000Z
24,15,48.833122686454,2.2571459412575,2023-12-04T04:49:09.360000Z
7,17,48.87555620763429,2.1655967831611638,2023-12-04T04:49:10.136000Z
16,16,48.840872964793355,2.4044444784522057,2023-12-04T04:49:08.456000Z
9,20,48.852731305488,2.3440927639604,2023-12-04T04:49:08.817000Z
14,6,48.8365662244334,2.312707121097412,2023-12-04T04:49:09.198000Z
21,4,48.838311,2.234077,2023-12-04T04:49:07.878000Z
17,15,48.8652359,2.3002513,2023-12-04T04:49:07.987000Z
31,27,48.860897797941,2.295599598447,2023-12-04T04:49:07.349000Z
4,14,48.86286468896063,2.495676465332508,2023-12-04T04:49:07.538000Z
20,13,48.89213559044868,2.32321947813034,2023-12-04T04:49:08.646000Z
30,5,48.833056477316,2.3329411447048,2023-12-04T04:49:08.850000Z
20,15,48.82189236575831,2.413003742694855,2023-12-04T04:49:08.649000Z
32,3,48.856077415056,2.3948693275452,2023-12-04T04:49:08.477000Z
19,6,48.85026349463687,2.4345204234123234,2023-12-04T04:49:08.296000Z
19,8,48.868421318555,2.4179587885737,2023-12-04T04:49:07.208000Z
56,9,48.860680473738,2.3148481955842,2023-12-04T04:49:09.985000Z
26,4,48.887742186754224,2.320293079881375,2023-12-04T04:49:08.849000Z
21,11,48.8492084999386,2.32851454623001,2023-12-04T04:49:07.973000Z
18,6,48.83170888166024,2.255771979689598,2023-12-04T04:49:08.794000Z
25,13,48.866617658681,2.3830134404158,2023-12-04T04:49:07.568000Z
17,2,48.849266043601794,2.412330328844772,2023-12-04T04:49:08.473000Z
28,4,48.8389284,2.316356,2023-12-04T04:49:08.962000Z
2,57,48.828595283857425,2.380220606266108,2023-12-04T04:49:08.640000Z
7,12,48.8863865,2.3825772,2023-12-04T04:49:07.420000Z
21,30,48.83544491617421,2.431421081436563,2023-12-04T04:49:08.827000Z
12,15,48.865302324275,2.3990669846535,2023-12-04T04:49:09.593000Z
10,19,48.8296843300915,2.275342586850291,2023-12-04T04:49:09.625000Z
13,8,48.8953643,2.3498166,2023-12-04T04:49:08.162000Z
23,3,48.813736445585235,2.3069277405738835,2023-12-04T04:49:08.296000Z
32,1,48.83013921586756,2.295934036374092,2023-12-04T04:49:07.839000Z
26,2,48.815403766277,2.31739372015,2023-12-04T04:49:08.478000Z
13,4,48.871715878697,2.2985444962978,2023-12-04T04:49:09.439000Z
17,14,48.84842761367387,2.265253821160005,2023-12-04T04:49:07.418000Z
18,6,48.88758225888669,2.2783890366554265,2023-12-04T04:49:09.604000Z
23,8,48.84132050184004,2.30808901725357,2023-12-04T04:49:07.533000Z
19,13,48.8584893,2.2839655,2023-12-04T04:49:07.311000Z
17,20,48.863825174341,2.380906377155,2023-12-04T04:49:08.499000Z
45,1,48.847385404956,2.3268555477262,2023-12-04T04:49:08.297000Z
22,14,48.88203018259946,2.3635615780949593,2023-12-04T04:49:07.261000Z
43,4,48.851853488265,2.3932945355773,2023-12-04T04:49:09.481000Z
57,8,48.83124010585643,2.3989107459783554,2023-12-04T04:49:07.874000Z
9,8,48.878194,2.181724,2023-12-04T04:49:08.600000Z
12,12,48.84040040365445,2.313117867297474,2023-12-04T04:49:08.718000Z
25,8,48.86798303359366,2.3851405311143026,2023-12-04T04:49:09.180000Z
7,12,48.8906542,2.3309428,2023-12-04T04:49:08.144000Z
41,10,48.831908520394,2.3546943448098,2023-12-04T04:49:08.416000Z
6,13,48.857566889784465,2.280027395306772,2023-12-04T04:49:08.349000Z
13,8,48.83950442458303,2.360989417022932,2023-12-04T04:49:08.365000Z
3,14,48.83907826424974,2.356877340669728,2023-12-04T04:49:08.684000Z
13,6,48.855425770695085,2.4051643162965775,2023-12-04T04:49:10.086000Z
8,29,48.852886173881,2.3426544293761,2023-12-04T04:49:08.230000Z
20,17,48.864185861455,2.3783174157143,2023-12-04T04:49:08.348000Z
47,2,48.843310567822,2.3265242949128,2023-12-04T04:49:08.605000Z
15,12,48.828657346203,2.353020646317,2023-12-04T04:49:08.976000Z
45,8,48.840452820991764,2.2280225157737736,2023-12-04T04:49:08.642000Z
9,21,48.89260159189023,2.3790915682911873,2023-12-04T04:49:07.194000Z
17,9,48.828753141436465,2.245911467014621,2023-12-04T04:49:08.516000Z
9,26,48.87530570765423,2.2558460757136345,2023-12-04T04:49:09.602000Z
10,7,48.870475399387,2.3076190799475,2023-12-04T04:49:07.239000Z
42,12,48.894104140316266,2.372946088467279,2023-12-04T04:49:08.468000Z
21,12,48.891163,2.3865705,2023-12-04T04:49:07.843000Z
25,14,48.84462585769668,2.404946386814118,2023-12-04T04:49:08.349000Z
4,18,48.89925982394349,2.3042294383049016,2023-12-04T04:49:07.619000Z
31,22,48.8437035476636,2.354651279747486,2023-12-04T04:49:07.681000Z
27,3,48.82953336292279,2.318179272115231,2023-12-04T04:49:08.689000Z
9,29,48.83481262982544,2.400927788127704,2023-12-04T04:49:08.362000Z
19,1,48.824695995415006,2.363106073577468,2023-12-04T04:49:08.430000Z
18,18,48.8466127,2.3325478,2023-12-04T04:49:08.161000Z
11,8,48.90717373809284,2.2695400938391685,2023-12-04T04:49:07.320000Z
20,2,48.876495350882,2.3560990020633,2023-12-04T04:49:09.414000Z
22,8,48.88484543106364,2.358930408954621,2023-12-04T04:49:09.415000Z
24,5,48.78695280952244,2.3518594354391094,2023-12-04T04:49:07.419000Z
9,19,48.815783497876815,2.383259721100331,2023-12-04T04:49:07.966000Z
18,5,48.86132665908402,2.349419631063938,2023-12-04T04:49:09.802000Z
29,10,48.836956046311,2.2741072252393,2023-12-04T04:49:07.282000Z
10,14,48.85097433194032,2.356307208538055,2023-12-04T04:49:07.372000Z
1,35,48.81488859822486,2.4224362157778994,2023-12-04T04:49:08.194000Z
16,7,48.9018492,2.3172724,2023-12-04T04:49:07.520000Z
10,16,48.78363092456589,2.366935946761926,2023-12-04T04:49:09.794000Z
12,20,48.782427463041,2.3939734697342,2023-12-04T04:49:07.449000Z
12,2,48.869601642433,2.3542908579111,2023-12-04T04:49:07.835000Z
21,7,48.89790972494496,2.2383723043644914,2023-12-04T04:49:07.859000Z
16,8,48.812657470558754,2.1921751275658607,2023-12-04T04:49:07.280000Z
45,5,48.864459134684644,2.4161778017878532,2023-12-04T04:49:08.940000Z
12,27,48.91516726221354,2.357633225619793,2023-12-04T04:49:08.359000Z
11,20,48.89687189382465,2.303922325372696,2023-12-04T04:49:09.217000Z
10,20,48.90390619651018,2.2946908324956894,2023-12-04T04:49:08.212000Z
21,7,48.88270066221072,2.374717555940151,2023-12-04T04:49:09.392000Z
9,8,48.868230999759,2.3438260338876,2023-12-04T04:49:09.218000Z
33,5,48.81552718820216,2.3687169334905405,2023-12-04T04:49:07.442000Z
5,32,48.823549261189,2.5101865455508,2023-12-04T04:49:07.550000Z
2,33,48.84205504165568,2.2859910875558853,2023-12-04T04:49:08.995000Z
18,14,48.83842553348809,2.493693307042122,2023-12-04T04:49:07.091000Z
16,3,48.901365,2.212693,2023-12-04T04:49:07.060000Z
20,0,48.914304862261,2.2289156913757,2023-12-04T04:49:07.586000Z
2,28,48.92650488131725,2.239069678491417,2023-12-04T04:49:07.888000Z
29,1,48.83059564231877,2.3119183257222176,2023-12-04T04:49:07.632000Z
18,27,48.81995307955795,2.464176752459464,2023-12-04T04:49:07.573000Z
2,27,48.83730787972,2.3740861260598,2023-12-04T04:49:07.751000Z
53,7,48.888796556487,2.3925811931922,2023-12-04T04:49:08.981000Z
28,5,48.88005222200894,2.4008650346327003,2023-12-04T04:49:09.242000Z
5,16,48.93626891059109,2.3588666820200914,2023-12-04T04:49:09.252000Z
1,29,48.80391487218989,2.408966162027371,2023-12-04T04:49:08.318000Z
3,13,48.784527937293184,2.3646667979455587,2023-12-04T04:49:08.440000Z
25,5,48.83012155905476,2.231426239013672,2023-12-04T04:49:07.215000Z
30,0,48.793457901398945,2.3509012162685394,2023-12-04T04:49:08.240000Z
45,2,48.847238029966,2.4107042336225,2023-12-04T04:49:07.441000Z
22,3,48.87330497045532,2.4014145880937576,2023-12-04T04:49:08.754000Z
11,10,48.88603131999171,2.3895753175020222,2023-12-04T04:49:09.612000Z
16,4,48.8192404685572,2.2295309230685234,2023-12-04T04:49:08.719000Z
11,9,48.906333898712234,2.2393910586833954,2023-12-04T04:49:07.725000Z
18,5,48.94563430946964,2.3638297989964485,2023-12-04T04:49:08.465000Z
1,22,48.832846814471,2.3711421713233,2023-12-04T04:49:07.592000Z
41,3,48.846918761569,2.4105220288038,2023-12-04T04:49:09.280000Z
15,8,48.807671407991,2.2407217696309,2023-12-04T04:49:08.019000Z
16,4,48.864130509668044,2.39164982067019,2023-12-04T04:49:08.236000Z
4,15,48.88511992309783,2.34719488842051,2023-12-04T04:49:07.444000Z
25,33,48.8350268238,2.3760157451034,2023-12-04T04:49:07.709000Z
17,14,48.888229075478,2.3101296275854,2023-12-04T04:49:07.701000Z
20,11,48.91105960199651,2.3676301538944244,2023-12-04T04:49:09.614000Z
33,4,48.870310661422,2.3419791832566,2023-12-04T04:49:07.733000Z
14,22,48.83061737745,2.2920634208276,2023-12-04T04:49:09.636000Z
2,20,48.83648798164934,2.2897250577807426,2023-12-04T04:49:08.769000Z
17,13,48.79518840095975,2.35943466424942,2023-12-04T04:49:07.881000Z
15,24,48.929867194519,2.2836696356535,2023-12-04T04:49:07.524000Z
0,16,48.91864865955558,2.2814112156629562,2023-12-04T04:49:07.951000Z
10,10,48.80887149094033,2.188134044408798,2023-12-04T04:49:09.936000Z
21,1,48.89577046284005,2.223908342421055,2023-12-04T04:49:07.936000Z
19,5,48.84264375274712,2.3445946723222733,2023-12-04T04:49:09.414000Z
28,5,48.81614048711214,2.3123561963438988,2023-12-04T04:49:07.497000Z
20,6,48.87991924860035,2.2763770446181297,2023-12-04T04:49:08.990000Z
15,3,48.84572797384512,2.4236011505126953,2023-12-04T04:49:08.457000Z
6,21,48.808439376064946,2.373795211315155,2023-12-04T04:49:08.500000Z
12,5,48.870714014863225,2.424097023904324,2023-12-04T04:49:07.727000Z
34,4,48.93009363207303,2.3564037680625916,2023-12-04T04:49:08.663000Z
21,6,48.837809408957,2.2281519323587,2023-12-04T04:49:09.848000Z
18,6,48.88260431301364,2.2773634269833565,2023-12-04T04:49:07.623000Z
9,13,48.92313395265796,2.2600970417261124,2023-12-04T04:49:08.352000Z
18,3,48.791782341055324,2.297856844961643,2023-12-04T04:49:09.401000Z
25,5,48.7799259211605,2.281828634440899,2023-12-04T04:49:07.710000Z
26,4,48.85772148887421,2.2549109905958176,2023-12-04T04:49:07.308000Z
15,3,48.80516030434533,2.188277207314968,2023-12-04T04:49:07.920000Z
14,9,48.891999360256904,2.284262739121914,2023-12-04T04:49:07.915000Z
28,2,48.77977325745441,2.3130525648593903,2023-12-04T04:49:09.167000Z
32,8,48.90406266961591,2.273416221141815,2023-12-04T04:49:09.387000Z
8,13,48.90310883721567,2.278892956674099,2023-12-04T04:49:10.003000Z
11,10,48.90663823468682,2.24679596722126,2023-12-04T04:49:09.670000Z
35,16,48.83748810318667,2.365213818848133,2023-12-04T04:49:08.466000Z
16,6,48.8192669595252,2.30119988322258,2023-12-04T04:49:08.164000Z
10,5,48.814183748660554,2.2872862592339516,2023-12-04T04:49:08.182000Z
4,22,48.83659148147257,2.2930556908249855,2023-12-04T04:49:08.871000Z
18,7,48.8176962416867,2.3076123744249344,2023-12-04T04:49:07.479000Z
13,4,48.885109,2.435679,2023-12-04T04:49:09.616000Z
0,0,48.836805542262,2.3185293003917,2023-12-04T04:49:09.018000Z
12,9,48.82557229464416,2.3576171323657036,2023-12-04T04:49:07.588000Z
18,10,48.80257200481316,2.3786691203713417,2023-12-04T04:49:07.299000Z
23,22,48.83446472680611,2.3293386027216907,2023-12-04T04:49:08.209000Z
18,8,48.89197621431365,2.3851288855075836,2023-12-04T04:49:09.084000Z
22,3,48.814548697325,2.3611663654447,2023-12-04T04:49:08.512000Z
20,5,48.870047123655,2.3511248454452,2023-12-04T04:49:09.851000Z
47,19,48.862382970647,2.3384822532535,2023-12-04T04:49:08.941000Z
14,12,48.829107826857,2.4583535268903,2023-12-04T04:49:09.765000Z
23,14,48.902519074064,2.3740895837545,2023-12-04T04:49:07.749000Z
30,12,48.82048387758518,2.446271181106568,2023-12-04T04:49:07.521000Z
5,15,48.8554439,2.2704418,2023-12-04T04:49:07.587000Z
25,4,48.868570404348,2.266000919044,2023-12-04T04:49:08.643000Z
14,21,48.852364355271,2.3681089282036,2023-12-04T04:49:08.242000Z
4,14,48.892120821173975,2.309234105050564,2023-12-04T04:49:08.336000Z
18,4,48.87034,2.30082,2023-12-04T04:49:08.729000Z
23,1,48.87046,2.30104,2023-12-04T04:49:07.072000Z
18,17,48.764615483395254,2.4071189761161804,2023-12-04T04:49:07.650000Z
19,0,48.85631874632638,2.410396970808506,2023-12-04T04:49:10.116000Z
23,10,48.89490221746837,2.3648490384221077,2023-12-04T04:49:08.444000Z
18,11,48.86703740186721,2.336716018617153,2023-12-04T04:49:07.766000Z
3,13,48.898965361341254,2.29627937078476,2023-12-04T04:49:08.862000Z
5,17,48.839285711865735,2.438560165464878,2023-12-04T04:49:08.356000Z
38,5,48.842726498317,2.3125657439232,2023-12-04T04:49:07.639000Z
23,12,48.898800717199,2.3524022474885,2023-12-04T04:49:07.191000Z
14,11,48.812822398263286,2.3707106709480286,2023-12-04T04:49:09.515000Z
13,15,48.884933177666,2.2484488785267,2023-12-04T04:49:08.982000Z
26,3,48.84501507626,2.3394941166043,2023-12-04T04:49:07.937000Z
8,21,48.86413226532,2.239905372262,2023-12-04T04:49:07.739000Z
7,17,48.894222687781,2.3125872006816,2023-12-04T04:49:07.906000Z
4,23,48.902449900418745,2.3304807533425724,2023-12-04T04:49:08.828000Z
12,17,48.905741911394,2.3316044208059,2023-12-04T04:49:08.489000Z
15,3,48.8324305,2.2292812,2023-12-04T04:49:08.486000Z
6,22,48.907735489085,2.3407192814591,2023-12-04T04:49:09.889000Z
4,28,48.819602554907,2.4114319673051,2023-12-04T04:49:08.825000Z
20,4,48.87282451461399,2.1947155570850896,2023-12-04T04:49:08.447000Z
26,22,48.911380185786,2.3340076807601,2023-12-04T04:49:07.904000Z
19,8,48.914938,2.330665,2023-12-04T04:49:07.526000Z
12,10,48.852335,2.448967,2023-12-04T04:49:08.459000Z
6,26,48.902616,2.397814,2023-12-04T04:49:07.962000Z
4,16,48.835261,2.447974,2023-12-04T04:49:07.924000Z
7,21,48.90263867304635,2.348248063431511,2023-12-04T04:49:08.942000Z
9,25,48.91301722799713,2.2734212270774417,2023-12-04T04:49:07.333000Z
4,24,48.91206062860357,2.295897423568745,2023-12-04T04:49:08.347000Z
26,13,48.896737263309504,2.310542999196392,2023-12-04T04:49:08.234000Z
7,27,48.927567032796,2.2947337017374,2023-12-04T04:49:09.208000Z
31,2,48.821443218278,2.2150785306885,2023-12-04T04:49:09.249000Z
0,19,48.91962690034779,2.2978286134199792,2023-12-04T04:49:08.994000Z
19,4,48.871839,2.222505,2023-12-04T04:49:09.408000Z
20,6,48.823194,2.404179,2023-12-04T04:49:08.519000Z
17,12,48.873688,2.365015,2023-12-04T04:49:08.748000Z
24,3,48.801773795836,2.2874166362216,2023-12-04T04:49:09.792000Z
21,7,48.80404828621485,2.2848263373723436,2023-12-04T04:49:09.786000Z
41,3,48.8103438,2.3003776,2023-12-04T04:49:09.192000Z
19,11,48.940931521020836,2.363948999931771,2023-12-04T04:49:08.276000Z
20,3,48.7973062,2.2909969,2023-12-04T04:49:09.312000Z
21,11,48.89990653843488,2.321543991674844,2023-12-04T04:49:07.689000Z
25,1,48.90970830301211,2.2454486480600626,2023-12-04T04:49:08.104000Z
5,25,48.91118557052621,2.379864752692811,2023-12-04T04:49:09.352000Z
22,2,48.86462724459225,2.2047570338469806,2023-12-04T04:49:07.753000Z
4,23,48.903600624712865,2.465406596265139,2023-12-04T04:49:09.281000Z
16,8,48.86531608707,2.37611478491,2023-12-04T04:49:08.779000Z
26,3,48.875388227727,2.3559567333359,2023-12-04T04:49:09.457000Z
21,4,48.798666226364,2.2833752789972,2023-12-04T04:49:09.882000Z
32,14,48.86096384533371,2.2246733296048142,2023-12-04T04:49:07.422000Z
16,14,48.905452421305,2.3220406472683,2023-12-04T04:49:08.245000Z
25,3,48.8529945,2.4247387,2023-12-04T04:49:09.788000Z
21,3,48.8702539,2.2187778,2023-12-04T04:49:07.748000Z
9,19,48.9220937,2.2718348,2023-12-04T04:49:07.922000Z
17,14,48.813240124373,2.3319716067039,2023-12-04T04:49:08.859000Z
26,9,48.851751374458864,2.338161695134053,2023-12-04T04:49:09.434000Z
33,2,48.87137406080164,2.2887128591537476,2023-12-04T04:49:07.458000Z
9,7,48.8487726,2.393606,2023-12-04T04:49:08.182000Z
31,7,48.951432,2.211214,2023-12-04T04:49:07.708000Z
24,28,48.8478103,2.3659356,2023-12-04T04:49:07.688000Z
17,10,48.896620592993,2.252313240191,2023-12-04T04:49:08.445000Z
11,29,48.933548439566,2.3064726536317,2023-12-04T04:49:09.108000Z
2,26,48.950873482371,2.2310190077797,2023-12-04T04:49:08.513000Z
16,12,48.828688,2.22499,2023-12-04T04:49:07.900000Z
24,6,48.858446,2.192077,2023-12-04T04:49:08.462000Z
14,0,48.8573314,2.351458,2023-12-04T04:49:08.166000Z
16,15,48.914920058264,2.4172238067445,2023-12-04T04:49:07.842000Z
0,0,48.906887812943,2.4489325365198,2023-12-04T04:49:07.878000Z
7,23,48.90755810177,2.4689837335263,2023-12-04T04:49:07.757000Z
2,23,48.915817585516,2.3239533298594,2023-12-04T04:49:07.892000Z
21,5,48.875481,2.232443,2023-12-04T04:49:09.632000Z
19,5,48.826073335699,2.1894485725692,2023-12-04T04:49:07.378000Z
15,11,48.823450589614,2.4965062363218,2023-12-04T04:49:09.247000Z
8,20,48.860273568996,2.3412468419093,2023-12-04T04:49:09.776000Z
12,6,48.829268,2.365212,2023-12-04T04:49:07.752000Z
8,15,48.8578329,2.3622643,2023-12-04T04:49:09.011000Z
25,6,48.8679385,2.4003649,2023-12-04T04:49:08.192000Z
32,8,48.891334555236,2.3272445342326,2023-12-04T04:49:07.651000Z
20,10,48.826103771275,2.3004549373748,2023-12-04T04:49:07.480000Z
11,15,48.832324016657,2.2875617349045,2023-12-04T04:49:08.254000Z
24,10,48.8993867,2.2506506,2023-12-04T04:49:09.008000Z
16,5,48.868834023334,2.2986030816809,2023-12-04T04:49:09.027000Z
2,26,48.821410564722,2.2555950104387,2023-12-04T04:49:08.362000Z
22,8,48.915885074177,2.2682306702811,2023-12-04T04:49:09.787000Z
14,16,48.898969358483,2.3086513252383,2023-12-04T04:49:07.729000Z
27,2,48.816376985087,2.2670380088932,2023-12-04T04:49:08.808000Z
15,2,48.819828421929,2.3117361743705,2023-12-04T04:49:07.620000Z
26,3,48.874510616163,2.2994716674148,2023-12-04T04:49:07.374000Z
5,15,48.925901818305,2.2741496502338,2023-12-04T04:49:09.211000Z
5,13,48.914866710946,2.3057010525935,2023-12-04T04:49:07.591000Z
18,19,48.856926701847,2.3096215831203,2023-12-04T04:49:07.470000Z
20,0,48.81168551728,2.2111820107205,2023-12-04T04:49:07.883000Z
23,0,48.802056061754,2.3159965061736,2023-12-04T04:49:07.468000Z
43,23,48.89883,2.37933,2023-12-04T04:49:07.768000Z
16,4,48.884571659595,2.321469503475,2023-12-04T04:49:08.270000Z
26,3,48.832200060759,2.3139070151575,2023-12-04T04:49:09.761000Z
18,2,48.822036188382,2.2754641655975,2023-12-04T04:49:08.178000Z
22,8,48.882877330093,2.4331868384644,2023-12-04T04:49:08.314000Z
32,13,48.889371092747,2.3979396821544,2023-12-04T04:49:07.481000Z
9,11,48.781109786782,2.3549050362061,2023-12-04T04:49:07.611000Z
15,7,48.853729675265,2.3300181032703,2023-12-04T04:49:07.111000Z
18,8,48.881742142181,2.2710045335353,2023-12-04T04:49:07.281000Z
21,12,48.778916905132,2.2887361764861,2023-12-04T04:49:07.247000Z
12,19,48.827228120536,2.268122527474,2023-12-04T04:49:08.718000Z
3,23,48.910482,2.297998,2023-12-04T04:49:08.870000Z
17,3,48.809223658808,2.3175904558822,2023-12-04T04:49:09.775000Z
19,3,48.774661399959,2.3135878035462,2023-12-04T04:49:07.974000Z
0,0,48.875601632672,2.3435704037547,2023-12-04T04:49:08.152000Z
12,13,48.800123,2.3567359,2023-12-04T04:49:09.819000Z
14,8,48.838608030238,2.3406994164846,2023-12-04T04:49:08.683000Z
10,20,48.824792734266,2.2651904328524,2023-12-04T04:49:09.396000Z
20,31,48.838811048815,2.3896577954292,2023-12-04T04:49:09.484000Z
11,17,48.883103904582,2.3238347490884,2023-12-04T04:49:07.889000Z
20,8,48.809460857173,2.2853198638301,2023-12-04T04:49:09.240000Z
25,14,48.908168131015,2.4530601033354,2023-12-04T04:49:10.095000Z
19,3,48.81217465201,2.3035024699104,2023-12-04T04:49:07.307000Z
3,26,48.896280181078,2.4581568985227,2023-12-04T04:49:07.399000Z
13,6,48.880391139734,2.1832160452221,2023-12-04T04:49:07.728000Z
22,9,48.788093281931,2.2909234046643,2023-12-04T04:49:07.905000Z
12,8,48.905658361454,2.2345951981176,2023-12-04T04:49:08.211000Z
1,28,48.824753068884,2.2588385956052,2023-12-04T04:49:08.316000Z
11,21,48.883687771522,2.328063700029,2023-12-04T04:49:08.358000Z
9,20,48.90617751921,2.4391458057475,2023-12-04T04:49:09.458000Z
56,1,48.821466904768,2.3215785772007,2023-12-04T04:49:09.760000Z
18,3,48.862453313908,2.1961666225454,2023-12-04T04:49:08.165000Z
28,9,48.93742089281,2.3720374971659,2023-12-04T04:49:08.782000Z
1,29,48.814548138856,2.4024386957288,2023-12-04T04:49:08.989000Z
7,13,48.778192750803,2.3963020229163,2023-12-04T04:49:07.263000Z
19,1,48.87914304162,2.4163350908311,2023-12-04T04:49:09.905000Z
11,6,48.863925158727,2.3356226831675,2023-12-04T04:49:09.626000Z
17,1,48.871552174017,2.2025031970585,2023-12-04T04:49:07.229000Z
21,1,48.826262366227,2.2001516849313,2023-12-04T04:49:08.315000Z
11,34,48.927640283627,2.3308986340524,2023-12-04T04:49:08.447000Z
5,25,48.939958667023,2.3279571813836,2023-12-04T04:49:09.230000Z
13,13,48.936093926526,2.3436167797955,2023-12-04T04:49:08.317000Z
1,28,48.832024486306,2.490271087056,2023-12-04T04:49:08.451000Z
27,0,48.880597694071,2.3769494891167,2023-12-04T04:49:09.518000Z
3,36,48.836919119234,2.3916775206425,2023-12-04T04:49:08.859000Z
